experiment,dataset,seed,split_id,selection_data_id,code_version,classifier_refit,final_calibration_used_for_selection,final_test_used_for_selection,model,method,target_size,n_features,ranking_source,selection_seed,repetition,subset_frozen_before_final_calibration,phase8_primary_selected,tuning_n_removed,tuning_max_accuracy_loss,tuning_max_coverage_shortfall,tuning_efficiency_gain,tuning_conditional_violation,alpha,scaling,score,raps_lambda,raps_k_reg,subject_id,window_count,accuracy,coverage,mean_size,size_p90,all_features_accuracy,all_features_coverage,all_features_mean_size,all_features_size_p90,accuracy_difference_vs_all,coverage_difference_vs_all,mean_size_difference_vs_all,size_p90_difference_vs_all,mean_size_reduction_vs_all
phase8_human_activity_recognition_seed_43,human_activity_recognition,43,e1646e1921157eba,001c22ccafec2260,e4b3645,True,False,False,logistic_regression,all_features,561,561,none,43,-1,True,True,,,,,,0.1,base,aps,,,6,325,0.8553846153846154,0.7846153846153846,0.9784615384615384,1.0,0.8553846153846154,0.7846153846153846,0.9784615384615384,1.0,0.0,0.0,0.0,0.0,-0.0
phase8_human_activity_recognition_seed_43,human_activity_recognition,43,e1646e1921157eba,001c22ccafec2260,e4b3645,True,False,False,logistic_regression,all_features,561,561,none,43,-1,True,True,,,,,,0.1,base,aps,,,8,281,0.9715302491103204,0.900355871886121,0.9644128113879004,1.0,0.9715302491103204,0.900355871886121,0.9644128113879004,1.0,0.0,0.0,0.0,0.0,-0.0
phase8_human_activity_recognition_seed_43,human_activity_recognition,43,e1646e1921157eba,001c22ccafec2260,e4b3645,True,False,False,logistic_regression,all_features,561,561,none,43,-1,True,True,,,,,,0.1,base,aps,,,14,323,0.7739938080495357,0.7368421052631579,0.9752321981424148,1.0,0.7739938080495357,0.7368421052631579,0.9752321981424148,1.0,0.0,0.0,0.0,0.0,-0.0
phase8_human_activity_recognition_seed_43,human_activity_recognition,43,e1646e1921157eba,001c22ccafec2260,e4b3645,True,False,False,logistic_regression,all_features,561,561,none,43,-1,True,True,,,,,,0.1,base,aps,,,19,360,0.95,0.8916666666666667,0.9583333333333334,1.0,0.95,0.8916666666666667,0.9583333333333334,1.0,0.0,0.0,0.0,0.0,-0.0
phase8_human_activity_recognition_seed_43,human_activity_recognition,43,e1646e1921157eba,001c22ccafec2260,e4b3645,True,False,False,logistic_regression,all_features,561,561,none,43,-1,True,True,,,,,,0.1,base,aps,,,25,409,0.8948655256723717,0.8753056234718827,1.0317848410757946,1.0,0.8948655256723717,0.8753056234718827,1.0317848410757946,1.0,0.0,0.0,0.0,0.0,-0.0
phase8_human_activity_recognition_seed_43,human_activity_recognition,43,e1646e1921157eba,001c22ccafec2260,e4b3645,True,False,False,logistic_regression,conformal_harm_one_shot,556,556,selection_train+tune_crossfit,43,-1,True,True,5.0,-0.0005787037037037,0.0170807553493168,0.0046374172896795,0.0672845661457416,0.1,base,aps,,,6,325,0.8676923076923077,0.7938461538461539,0.9846153846153848,1.0,0.8553846153846154,0.7846153846153846,0.9784615384615384,1.0,0.0123076923076922,0.0092307692307692,0.0061538461538461,0.0,-0.0061538461538461
phase8_human_activity_recognition_seed_43,human_activity_recognition,43,e1646e1921157eba,001c22ccafec2260,e4b3645,True,False,False,logistic_regression,conformal_harm_one_shot,556,556,selection_train+tune_crossfit,43,-1,True,True,5.0,-0.0005787037037037,0.0170807553493168,0.0046374172896795,0.0672845661457416,0.1,base,aps,,,8,281,0.9715302491103204,0.9074733096085408,0.9750889679715302,1.0,0.9715302491103204,0.900355871886121,0.9644128113879004,1.0,0.0,0.0071174377224199,0.0106761565836298,0.0,-0.0106761565836298
phase8_human_activity_recognition_seed_43,human_activity_recognition,43,e1646e1921157eba,001c22ccafec2260,e4b3645,True,False,False,logistic_regression,conformal_harm_one_shot,556,556,selection_train+tune_crossfit,43,-1,True,True,5.0,-0.0005787037037037,0.0170807553493168,0.0046374172896795,0.0672845661457416,0.1,base,aps,,,14,323,0.7770897832817337,0.7430340557275542,0.9752321981424148,1.0,0.7739938080495357,0.7368421052631579,0.9752321981424148,1.0,0.003095975232198,0.0061919504643963,0.0,0.0,-0.0
phase8_human_activity_recognition_seed_43,human_activity_recognition,43,e1646e1921157eba,001c22ccafec2260,e4b3645,True,False,False,logistic_regression,conformal_harm_one_shot,556,556,selection_train+tune_crossfit,43,-1,True,True,5.0,-0.0005787037037037,0.0170807553493168,0.0046374172896795,0.0672845661457416,0.1,base,aps,,,19,360,0.9555555555555556,0.8916666666666667,0.9611111111111112,1.0,0.95,0.8916666666666667,0.9583333333333334,1.0,0.0055555555555556,0.0,0.0027777777777777,0.0,-0.0027777777777777
phase8_human_activity_recognition_seed_43,human_activity_recognition,43,e1646e1921157eba,001c22ccafec2260,e4b3645,True,False,False,logistic_regression,conformal_harm_one_shot,556,556,selection_train+tune_crossfit,43,-1,True,True,5.0,-0.0005787037037037,0.0170807553493168,0.0046374172896795,0.0672845661457416,0.1,base,aps,,,25,409,0.8924205378973105,0.8753056234718827,1.0317848410757946,1.0,0.8948655256723717,0.8753056234718827,1.0317848410757946,1.0,-0.0024449877750611,0.0,0.0,0.0,-0.0
phase8_human_activity_recognition_seed_43,human_activity_recognition,43,e1646e1921157eba,001c22ccafec2260,e4b3645,True,False,False,logistic_regression,conformal_harm_recursive,556,556,selection_train+tune_crossfit,43,-1,True,True,5.0,-0.0046376858296811,0.0159220052419007,0.008348908653433,0.0678972578095119,0.1,base,aps,,,6,325,0.8676923076923077,0.8,0.9876923076923076,1.0,0.8553846153846154,0.7846153846153846,0.9784615384615384,1.0,0.0123076923076922,0.0153846153846154,0.0092307692307691,0.0,-0.0092307692307691
phase8_human_activity_recognition_seed_43,human_activity_recognition,43,e1646e1921157eba,001c22ccafec2260,e4b3645,True,False,False,logistic_regression,conformal_harm_recursive,556,556,selection_train+tune_crossfit,43,-1,True,True,5.0,-0.0046376858296811,0.0159220052419007,0.008348908653433,0.0678972578095119,0.1,base,aps,,,8,281,0.9715302491103204,0.9181494661921707,0.9786476868327402,1.0,0.9715302491103204,0.900355871886121,0.9644128113879004,1.0,0.0,0.0177935943060498,0.0142348754448398,0.0,-0.0142348754448398
phase8_human_activity_recognition_seed_43,human_activity_recognition,43,e1646e1921157eba,001c22ccafec2260,e4b3645,True,False,False,logistic_regression,conformal_harm_recursive,556,556,selection_train+tune_crossfit,43,-1,True,True,5.0,-0.0046376858296811,0.0159220052419007,0.008348908653433,0.0678972578095119,0.1,base,aps,,,14,323,0.7739938080495357,0.7492260061919505,0.9876160990712074,1.0,0.7739938080495357,0.7368421052631579,0.9752321981424148,1.0,0.0,0.0123839009287926,0.0123839009287924,0.0,-0.0123839009287924
phase8_human_activity_recognition_seed_43,human_activity_recognition,43,e1646e1921157eba,001c22ccafec2260,e4b3645,True,False,False,logistic_regression,conformal_harm_recursive,556,556,selection_train+tune_crossfit,43,-1,True,True,5.0,-0.0046376858296811,0.0159220052419007,0.008348908653433,0.0678972578095119,0.1,base,aps,,,19,360,0.95,0.8944444444444445,0.9638888888888888,1.0,0.95,0.8916666666666667,0.9583333333333334,1.0,0.0,0.0027777777777777,0.0055555555555555,0.0,-0.0055555555555555
phase8_human_activity_recognition_seed_43,human_activity_recognition,43,e1646e1921157eba,001c22ccafec2260,e4b3645,True,False,False,logistic_regression,conformal_harm_recursive,556,556,selection_train+tune_crossfit,43,-1,True,True,5.0,-0.0046376858296811,0.0159220052419007,0.008348908653433,0.0678972578095119,0.1,base,aps,,,25,409,0.8924205378973105,0.8777506112469438,1.0415647921760391,1.0,0.8948655256723717,0.8753056234718827,1.0317848410757946,1.0,-0.0024449877750611,0.002444987775061,0.0097799511002445,0.0,-0.0097799511002445
phase8_human_activity_recognition_seed_43,human_activity_recognition,43,e1646e1921157eba,001c22ccafec2260,e4b3645,True,False,False,small_neural_network,all_features,561,561,none,43,-1,True,True,,,,,,0.1,base,aps,,,6,325,0.8307692307692308,0.796923076923077,1.0123076923076924,2.0,0.8307692307692308,0.796923076923077,1.0123076923076924,2.0,0.0,0.0,0.0,0.0,-0.0
phase8_human_activity_recognition_seed_43,human_activity_recognition,43,e1646e1921157eba,001c22ccafec2260,e4b3645,True,False,False,small_neural_network,all_features,561,561,none,43,-1,True,True,,,,,,0.1,base,aps,,,8,281,0.9430604982206404,0.9074733096085408,1.01067615658363,1.0,0.9430604982206404,0.9074733096085408,1.01067615658363,1.0,0.0,0.0,0.0,0.0,-0.0
phase8_human_activity_recognition_seed_43,human_activity_recognition,43,e1646e1921157eba,001c22ccafec2260,e4b3645,True,False,False,small_neural_network,all_features,561,561,none,43,-1,True,True,,,,,,0.1,base,aps,,,14,323,0.7739938080495357,0.7430340557275542,0.9907120743034056,1.0,0.7739938080495357,0.7430340557275542,0.9907120743034056,1.0,0.0,0.0,0.0,0.0,-0.0
phase8_human_activity_recognition_seed_43,human_activity_recognition,43,e1646e1921157eba,001c22ccafec2260,e4b3645,True,False,False,small_neural_network,all_features,561,561,none,43,-1,True,True,,,,,,0.1,base,aps,,,19,360,0.9416666666666668,0.9055555555555556,1.022222222222222,1.0,0.9416666666666668,0.9055555555555556,1.022222222222222,1.0,0.0,0.0,0.0,0.0,-0.0
phase8_human_activity_recognition_seed_43,human_activity_recognition,43,e1646e1921157eba,001c22ccafec2260,e4b3645,True,False,False,small_neural_network,all_features,561,561,none,43,-1,True,True,,,,,,0.1,base,aps,,,25,409,0.8997555012224939,0.8899755501222494,1.0904645476772616,2.0,0.8997555012224939,0.8899755501222494,1.0904645476772616,2.0,0.0,0.0,0.0,0.0,-0.0
phase8_human_activity_recognition_seed_43,human_activity_recognition,43,e1646e1921157eba,001c22ccafec2260,e4b3645,True,False,False,small_neural_network,conformal_harm_one_shot,557,557,selection_train+tune_crossfit,43,-1,True,True,4.0,-0.0081125934519206,0.0176567736530033,0.0209823730342872,0.0660200049725217,0.1,base,aps,,,6,325,0.8369230769230769,0.7784615384615384,0.9815384615384616,1.0,0.8307692307692308,0.796923076923077,1.0123076923076924,2.0,0.006153846153846,-0.0184615384615385,-0.0307692307692307,-1.0,0.0307692307692307
phase8_human_activity_recognition_seed_43,human_activity_recognition,43,e1646e1921157eba,001c22ccafec2260,e4b3645,True,False,False,small_neural_network,conformal_harm_one_shot,557,557,selection_train+tune_crossfit,43,-1,True,True,4.0,-0.0081125934519206,0.0176567736530033,0.0209823730342872,0.0660200049725217,0.1,base,aps,,,8,281,0.9750889679715302,0.9145907473309608,0.9644128113879004,1.0,0.9430604982206404,0.9074733096085408,1.01067615658363,1.0,0.0320284697508896,0.00711743772242,-0.0462633451957296,0.0,0.0462633451957296
phase8_human_activity_recognition_seed_43,human_activity_recognition,43,e1646e1921157eba,001c22ccafec2260,e4b3645,True,False,False,small_neural_network,conformal_harm_one_shot,557,557,selection_train+tune_crossfit,43,-1,True,True,4.0,-0.0081125934519206,0.0176567736530033,0.0209823730342872,0.0660200049725217,0.1,base,aps,,,14,323,0.7801857585139319,0.7430340557275542,0.9721362229102168,1.0,0.7739938080495357,0.7430340557275542,0.9907120743034056,1.0,0.0061919504643962,0.0,-0.0185758513931888,0.0,0.0185758513931888
phase8_human_activity_recognition_seed_43,human_activity_recognition,43,e1646e1921157eba,001c22ccafec2260,e4b3645,True,False,False,small_neural_network,conformal_harm_one_shot,557,557,selection_train+tune_crossfit,43,-1,True,True,4.0,-0.0081125934519206,0.0176567736530033,0.0209823730342872,0.0660200049725217,0.1,base,aps,,,19,360,0.925,0.8666666666666667,0.9611111111111112,1.0,0.9416666666666668,0.9055555555555556,1.022222222222222,1.0,-0.0166666666666666,-0.0388888888888888,-0.061111111111111,0.0,0.061111111111111
phase8_human_activity_recognition_seed_43,human_activity_recognition,43,e1646e1921157eba,001c22ccafec2260,e4b3645,True,False,False,small_neural_network,conformal_harm_one_shot,557,557,selection_train+tune_crossfit,43,-1,True,True,4.0,-0.0081125934519206,0.0176567736530033,0.0209823730342872,0.0660200049725217,0.1,base,aps,,,25,409,0.9095354523227384,0.8875305623471883,1.0293398533007334,1.0,0.8997555012224939,0.8899755501222494,1.0904645476772616,2.0,0.0097799511002444,-0.002444987775061,-0.0611246943765282,-1.0,0.0611246943765282
phase8_human_activity_recognition_seed_43,human_activity_recognition,43,e1646e1921157eba,001c22ccafec2260,e4b3645,True,False,False,small_neural_network,conformal_harm_recursive,557,557,selection_train+tune_crossfit,43,-1,True,True,4.0,-0.0156491686001547,0.0193995982641573,0.0402270237174529,0.0714468574550585,0.1,base,aps,,,6,325,0.8492307692307692,0.7938461538461539,0.9723076923076924,1.0,0.8307692307692308,0.796923076923077,1.0123076923076924,2.0,0.0184615384615384,-0.003076923076923,-0.04,-1.0,0.04
phase8_human_activity_recognition_seed_43,human_activity_recognition,43,e1646e1921157eba,001c22ccafec2260,e4b3645,True,False,False,small_neural_network,conformal_harm_recursive,557,557,selection_train+tune_crossfit,43,-1,True,True,4.0,-0.0156491686001547,0.0193995982641573,0.0402270237174529,0.0714468574550585,0.1,base,aps,,,8,281,0.9786476868327402,0.9145907473309608,0.9537366548042704,1.0,0.9430604982206404,0.9074733096085408,1.01067615658363,1.0,0.0355871886120996,0.00711743772242,-0.0569395017793594,0.0,0.0569395017793594
phase8_human_activity_recognition_seed_43,human_activity_recognition,43,e1646e1921157eba,001c22ccafec2260,e4b3645,True,False,False,small_neural_network,conformal_harm_recursive,557,557,selection_train+tune_crossfit,43,-1,True,True,4.0,-0.0156491686001547,0.0193995982641573,0.0402270237174529,0.0714468574550585,0.1,base,aps,,,14,323,0.7616099071207431,0.7368421052631579,0.9907120743034056,1.0,0.7739938080495357,0.7430340557275542,0.9907120743034056,1.0,-0.0123839009287926,-0.0061919504643963,0.0,0.0,-0.0
phase8_human_activity_recognition_seed_43,human_activity_recognition,43,e1646e1921157eba,001c22ccafec2260,e4b3645,True,False,False,small_neural_network,conformal_harm_recursive,557,557,selection_train+tune_crossfit,43,-1,True,True,4.0,-0.0156491686001547,0.0193995982641573,0.0402270237174529,0.0714468574550585,0.1,base,aps,,,19,360,0.9472222222222222,0.9027777777777778,0.9944444444444444,1.0,0.9416666666666668,0.9055555555555556,1.022222222222222,1.0,0.0055555555555555,-0.0027777777777777,-0.0277777777777776,0.0,0.0277777777777776
phase8_human_activity_recognition_seed_43,human_activity_recognition,43,e1646e1921157eba,001c22ccafec2260,e4b3645,True,False,False,small_neural_network,conformal_harm_recursive,557,557,selection_train+tune_crossfit,43,-1,True,True,4.0,-0.0156491686001547,0.0193995982641573,0.0402270237174529,0.0714468574550585,0.1,base,aps,,,25,409,0.9070904645476772,0.8973105134474327,1.0268948655256724,1.0,0.8997555012224939,0.8899755501222494,1.0904645476772616,2.0,0.0073349633251833,0.0073349633251833,-0.0635696821515892,-1.0,0.0635696821515892
phase8_human_activity_recognition_seed_44,human_activity_recognition,44,caa1b8bf52be5184,fa9608fa94004240,e4b3645,True,False,False,logistic_regression,all_features,561,561,none,44,-1,True,True,,,,,,0.1,base,aps,,,3,341,0.9853372434017597,0.8973607038123167,0.935483870967742,1.0,0.9853372434017597,0.8973607038123167,0.935483870967742,1.0,0.0,0.0,0.0,0.0,-0.0
phase8_human_activity_recognition_seed_44,human_activity_recognition,44,caa1b8bf52be5184,fa9608fa94004240,e4b3645,True,False,False,logistic_regression,all_features,561,561,none,44,-1,True,True,,,,,,0.1,base,aps,,,7,308,0.9512987012987012,0.935064935064935,1.0162337662337662,1.0,0.9512987012987012,0.935064935064935,1.0162337662337662,1.0,0.0,0.0,0.0,0.0,-0.0
phase8_human_activity_recognition_seed_44,human_activity_recognition,44,caa1b8bf52be5184,fa9608fa94004240,e4b3645,True,False,False,logistic_regression,all_features,561,561,none,44,-1,True,True,,,,,,0.1,base,aps,,,14,323,0.8142414860681114,0.8018575851393189,1.0526315789473684,2.0,0.8142414860681114,0.8018575851393189,1.0526315789473684,2.0,0.0,0.0,0.0,0.0,-0.0
phase8_human_activity_recognition_seed_44,human_activity_recognition,44,caa1b8bf52be5184,fa9608fa94004240,e4b3645,True,False,False,logistic_regression,all_features,561,561,none,44,-1,True,True,,,,,,0.1,base,aps,,,19,360,0.9416666666666668,0.9277777777777778,1.0166666666666666,1.0,0.9416666666666668,0.9277777777777778,1.0166666666666666,1.0,0.0,0.0,0.0,0.0,-0.0
phase8_human_activity_recognition_seed_44,human_activity_recognition,44,caa1b8bf52be5184,fa9608fa94004240,e4b3645,True,False,False,logistic_regression,all_features,561,561,none,44,-1,True,True,,,,,,0.1,base,aps,,,23,372,0.9596774193548387,0.9193548387096774,0.9811827956989247,1.0,0.9596774193548387,0.9193548387096774,0.9811827956989247,1.0,0.0,0.0,0.0,0.0,-0.0
phase8_human_activity_recognition_seed_44,human_activity_recognition,44,caa1b8bf52be5184,fa9608fa94004240,e4b3645,True,False,False,logistic_regression,conformal_harm_one_shot,556,556,selection_train+tune_crossfit,44,-1,True,True,5.0,-0.0118920370998755,0.0052864494966632,0.0220119330392489,0.1007917046814299,0.1,base,aps,,,3,341,0.9912023460410556,0.8973607038123167,0.9413489736070382,1.0,0.9853372434017597,0.8973607038123167,0.935483870967742,1.0,0.0058651026392961,0.0,0.0058651026392962,0.0,-0.0058651026392962
phase8_human_activity_recognition_seed_44,human_activity_recognition,44,caa1b8bf52be5184,fa9608fa94004240,e4b3645,True,False,False,logistic_regression,conformal_harm_one_shot,556,556,selection_train+tune_crossfit,44,-1,True,True,5.0,-0.0118920370998755,0.0052864494966632,0.0220119330392489,0.1007917046814299,0.1,base,aps,,,7,308,0.948051948051948,0.9285714285714286,0.9967532467532468,1.0,0.9512987012987012,0.935064935064935,1.0162337662337662,1.0,-0.0032467532467532,-0.0064935064935064,-0.0194805194805194,0.0,0.0194805194805194
phase8_human_activity_recognition_seed_44,human_activity_recognition,44,caa1b8bf52be5184,fa9608fa94004240,e4b3645,True,False,False,logistic_regression,conformal_harm_one_shot,556,556,selection_train+tune_crossfit,44,-1,True,True,5.0,-0.0118920370998755,0.0052864494966632,0.0220119330392489,0.1007917046814299,0.1,base,aps,,,14,323,0.8111455108359134,0.8018575851393189,1.061919504643963,2.0,0.8142414860681114,0.8018575851393189,1.0526315789473684,2.0,-0.003095975232198,0.0,0.0092879256965945,0.0,-0.0092879256965945
phase8_human_activity_recognition_seed_44,human_activity_recognition,44,caa1b8bf52be5184,fa9608fa94004240,e4b3645,True,False,False,logistic_regression,conformal_harm_one_shot,556,556,selection_train+tune_crossfit,44,-1,True,True,5.0,-0.0118920370998755,0.0052864494966632,0.0220119330392489,0.1007917046814299,0.1,base,aps,,,19,360,0.95,0.9305555555555556,1.0,1.0,0.9416666666666668,0.9277777777777778,1.0166666666666666,1.0,0.0083333333333333,0.0027777777777777,-0.0166666666666666,0.0,0.0166666666666666
phase8_human_activity_recognition_seed_44,human_activity_recognition,44,caa1b8bf52be5184,fa9608fa94004240,e4b3645,True,False,False,logistic_regression,conformal_harm_one_shot,556,556,selection_train+tune_crossfit,44,-1,True,True,5.0,-0.0118920370998755,0.0052864494966632,0.0220119330392489,0.1007917046814299,0.1,base,aps,,,23,372,0.956989247311828,0.913978494623656,0.9946236559139784,1.0,0.9596774193548387,0.9193548387096774,0.9811827956989247,1.0,-0.0026881720430107,-0.0053763440860215,0.0134408602150537,0.0,-0.0134408602150537
phase8_human_activity_recognition_seed_44,human_activity_recognition,44,caa1b8bf52be5184,fa9608fa94004240,e4b3645,True,False,False,logistic_regression,conformal_harm_recursive,556,556,selection_train+tune_crossfit,44,-1,True,True,5.0,-0.0214059495532179,0.0058732043886438,0.0334325868114466,0.101011937673761,0.1,base,aps,,,3,341,0.9824046920821116,0.8914956011730205,0.935483870967742,1.0,0.9853372434017597,0.8973607038123167,0.935483870967742,1.0,-0.002932551319648,-0.0058651026392961,0.0,0.0,-0.0
phase8_human_activity_recognition_seed_44,human_activity_recognition,44,caa1b8bf52be5184,fa9608fa94004240,e4b3645,True,False,False,logistic_regression,conformal_harm_recursive,556,556,selection_train+tune_crossfit,44,-1,True,True,5.0,-0.0214059495532179,0.0058732043886438,0.0334325868114466,0.101011937673761,0.1,base,aps,,,7,308,0.9448051948051948,0.9253246753246752,1.0,1.0,0.9512987012987012,0.935064935064935,1.0162337662337662,1.0,-0.0064935064935065,-0.0097402597402597,-0.0162337662337661,0.0,0.0162337662337661
phase8_human_activity_recognition_seed_44,human_activity_recognition,44,caa1b8bf52be5184,fa9608fa94004240,e4b3645,True,False,False,logistic_regression,conformal_harm_recursive,556,556,selection_train+tune_crossfit,44,-1,True,True,5.0,-0.0214059495532179,0.0058732043886438,0.0334325868114466,0.101011937673761,0.1,base,aps,,,14,323,0.8173374613003096,0.7956656346749226,1.0371517027863777,1.0,0.8142414860681114,0.8018575851393189,1.0526315789473684,2.0,0.0030959752321981,-0.0061919504643963,-0.0154798761609906,-1.0,0.0154798761609906
phase8_human_activity_recognition_seed_44,human_activity_recognition,44,caa1b8bf52be5184,fa9608fa94004240,e4b3645,True,False,False,logistic_regression,conformal_harm_recursive,556,556,selection_train+tune_crossfit,44,-1,True,True,5.0,-0.0214059495532179,0.0058732043886438,0.0334325868114466,0.101011937673761,0.1,base,aps,,,19,360,0.9527777777777776,0.9222222222222224,1.0027777777777778,1.0,0.9416666666666668,0.9277777777777778,1.0166666666666666,1.0,0.011111111111111,-0.0055555555555555,-0.0138888888888888,0.0,0.0138888888888888
phase8_human_activity_recognition_seed_44,human_activity_recognition,44,caa1b8bf52be5184,fa9608fa94004240,e4b3645,True,False,False,logistic_regression,conformal_harm_recursive,556,556,selection_train+tune_crossfit,44,-1,True,True,5.0,-0.0214059495532179,0.0058732043886438,0.0334325868114466,0.101011937673761,0.1,base,aps,,,23,372,0.9516129032258064,0.9086021505376344,0.9704301075268816,1.0,0.9596774193548387,0.9193548387096774,0.9811827956989247,1.0,-0.0080645161290322,-0.010752688172043,-0.010752688172043,0.0,0.010752688172043
phase8_human_activity_recognition_seed_44,human_activity_recognition,44,caa1b8bf52be5184,fa9608fa94004240,e4b3645,True,False,False,small_neural_network,all_features,561,561,none,44,-1,True,True,,,,,,0.1,base,aps,,,3,341,0.9882697947214076,0.9032258064516128,0.93841642228739,1.0,0.9882697947214076,0.9032258064516128,0.93841642228739,1.0,0.0,0.0,0.0,0.0,-0.0
phase8_human_activity_recognition_seed_44,human_activity_recognition,44,caa1b8bf52be5184,fa9608fa94004240,e4b3645,True,False,False,small_neural_network,all_features,561,561,none,44,-1,True,True,,,,,,0.1,base,aps,,,7,308,0.948051948051948,0.935064935064935,1.0324675324675323,1.0,0.948051948051948,0.935064935064935,1.0324675324675323,1.0,0.0,0.0,0.0,0.0,-0.0
phase8_human_activity_recognition_seed_44,human_activity_recognition,44,caa1b8bf52be5184,fa9608fa94004240,e4b3645,True,False,False,small_neural_network,all_features,561,561,none,44,-1,True,True,,,,,,0.1,base,aps,,,14,323,0.7987616099071208,0.804953560371517,1.0773993808049536,2.0,0.7987616099071208,0.804953560371517,1.0773993808049536,2.0,0.0,0.0,0.0,0.0,-0.0
phase8_human_activity_recognition_seed_44,human_activity_recognition,44,caa1b8bf52be5184,fa9608fa94004240,e4b3645,True,False,False,small_neural_network,all_features,561,561,none,44,-1,True,True,,,,,,0.1,base,aps,,,19,360,0.9111111111111112,0.9,1.0277777777777777,1.0,0.9111111111111112,0.9,1.0277777777777777,1.0,0.0,0.0,0.0,0.0,-0.0
phase8_human_activity_recognition_seed_44,human_activity_recognition,44,caa1b8bf52be5184,fa9608fa94004240,e4b3645,True,False,False,small_neural_network,all_features,561,561,none,44,-1,True,True,,,,,,0.1,base,aps,,,23,372,0.956989247311828,0.9166666666666666,1.0080645161290325,1.0,0.956989247311828,0.9166666666666666,1.0080645161290325,1.0,0.0,0.0,0.0,0.0,-0.0
phase8_human_activity_recognition_seed_44,human_activity_recognition,44,caa1b8bf52be5184,fa9608fa94004240,e4b3645,True,False,False,small_neural_network,conformal_harm_one_shot,560,560,selection_train+tune_crossfit,44,-1,True,True,1.0,-0.0142744033480375,0.0046996946046827,0.0506826150887907,0.1106250436076935,0.1,base,aps,,,3,341,0.9853372434017597,0.9090909090909092,0.9442815249266864,1.0,0.9882697947214076,0.9032258064516128,0.93841642228739,1.0,-0.002932551319648,0.0058651026392961,0.0058651026392961,0.0,-0.0058651026392961
phase8_human_activity_recognition_seed_44,human_activity_recognition,44,caa1b8bf52be5184,fa9608fa94004240,e4b3645,True,False,False,small_neural_network,conformal_harm_one_shot,560,560,selection_train+tune_crossfit,44,-1,True,True,1.0,-0.0142744033480375,0.0046996946046827,0.0506826150887907,0.1106250436076935,0.1,base,aps,,,7,308,0.948051948051948,0.9285714285714286,1.0357142857142858,1.0,0.948051948051948,0.935064935064935,1.0324675324675323,1.0,0.0,-0.0064935064935064,0.0032467532467532,0.0,-0.0032467532467532
phase8_human_activity_recognition_seed_44,human_activity_recognition,44,caa1b8bf52be5184,fa9608fa94004240,e4b3645,True,False,False,small_neural_network,conformal_harm_one_shot,560,560,selection_train+tune_crossfit,44,-1,True,True,1.0,-0.0142744033480375,0.0046996946046827,0.0506826150887907,0.1106250436076935,0.1,base,aps,,,14,323,0.8018575851393189,0.8018575851393189,1.0526315789473684,1.0,0.7987616099071208,0.804953560371517,1.0773993808049536,2.0,0.0030959752321981,-0.003095975232198,-0.0247678018575852,-1.0,0.0247678018575852
phase8_human_activity_recognition_seed_44,human_activity_recognition,44,caa1b8bf52be5184,fa9608fa94004240,e4b3645,True,False,False,small_neural_network,conformal_harm_one_shot,560,560,selection_train+tune_crossfit,44,-1,True,True,1.0,-0.0142744033480375,0.0046996946046827,0.0506826150887907,0.1106250436076935,0.1,base,aps,,,19,360,0.9138888888888888,0.9027777777777778,1.0194444444444444,1.0,0.9111111111111112,0.9,1.0277777777777777,1.0,0.0027777777777777,0.0027777777777777,-0.0083333333333333,0.0,0.0083333333333333
phase8_human_activity_recognition_seed_44,human_activity_recognition,44,caa1b8bf52be5184,fa9608fa94004240,e4b3645,True,False,False,small_neural_network,conformal_harm_one_shot,560,560,selection_train+tune_crossfit,44,-1,True,True,1.0,-0.0142744033480375,0.0046996946046827,0.0506826150887907,0.1106250436076935,0.1,base,aps,,,23,372,0.9758064516129032,0.9166666666666666,0.978494623655914,1.0,0.956989247311828,0.9166666666666666,1.0080645161290325,1.0,0.0188172043010752,0.0,-0.0295698924731182,0.0,0.0295698924731182
phase8_human_activity_recognition_seed_44,human_activity_recognition,44,caa1b8bf52be5184,fa9608fa94004240,e4b3645,True,False,False,small_neural_network,conformal_harm_recursive,556,556,selection_train+tune_crossfit,44,-1,True,True,5.0,-0.0333078837235606,0.0058774459902726,0.0786342042755343,0.1092362975507001,0.1,base,aps,,,3,341,0.9736070381231672,0.8856304985337243,0.935483870967742,1.0,0.9882697947214076,0.9032258064516128,0.93841642228739,1.0,-0.0146627565982404,-0.0175953079178885,-0.0029325513196482,0.0,0.0029325513196482
phase8_human_activity_recognition_seed_44,human_activity_recognition,44,caa1b8bf52be5184,fa9608fa94004240,e4b3645,True,False,False,small_neural_network,conformal_harm_recursive,556,556,selection_train+tune_crossfit,44,-1,True,True,5.0,-0.0333078837235606,0.0058774459902726,0.0786342042755343,0.1092362975507001,0.1,base,aps,,,7,308,0.9285714285714286,0.9155844155844156,1.0032467532467533,1.0,0.948051948051948,0.935064935064935,1.0324675324675323,1.0,-0.0194805194805194,-0.0194805194805194,-0.0292207792207792,0.0,0.0292207792207792
phase8_human_activity_recognition_seed_44,human_activity_recognition,44,caa1b8bf52be5184,fa9608fa94004240,e4b3645,True,False,False,small_neural_network,conformal_harm_recursive,556,556,selection_train+tune_crossfit,44,-1,True,True,5.0,-0.0333078837235606,0.0058774459902726,0.0786342042755343,0.1092362975507001,0.1,base,aps,,,14,323,0.7863777089783281,0.7647058823529411,1.021671826625387,1.0,0.7987616099071208,0.804953560371517,1.0773993808049536,2.0,-0.0123839009287926,-0.0402476780185758,-0.0557275541795665,-1.0,0.0557275541795665
phase8_human_activity_recognition_seed_44,human_activity_recognition,44,caa1b8bf52be5184,fa9608fa94004240,e4b3645,True,False,False,small_neural_network,conformal_harm_recursive,556,556,selection_train+tune_crossfit,44,-1,True,True,5.0,-0.0333078837235606,0.0058774459902726,0.0786342042755343,0.1092362975507001,0.1,base,aps,,,19,360,0.9277777777777778,0.9166666666666666,1.0166666666666666,1.0,0.9111111111111112,0.9,1.0277777777777777,1.0,0.0166666666666667,0.0166666666666666,-0.011111111111111,0.0,0.011111111111111
phase8_human_activity_recognition_seed_44,human_activity_recognition,44,caa1b8bf52be5184,fa9608fa94004240,e4b3645,True,False,False,small_neural_network,conformal_harm_recursive,556,556,selection_train+tune_crossfit,44,-1,True,True,5.0,-0.0333078837235606,0.0058774459902726,0.0786342042755343,0.1092362975507001,0.1,base,aps,,,23,372,0.9596774193548387,0.913978494623656,0.9731182795698924,1.0,0.956989247311828,0.9166666666666666,1.0080645161290325,1.0,0.0026881720430107,-0.0026881720430107,-0.0349462365591397,0.0,0.0349462365591397
phase8_human_activity_recognition_seed_45,human_activity_recognition,45,4b6c2b777e813b84,2f8b707b2b778966,e4b3645,True,False,False,logistic_regression,all_features,561,561,none,45,-1,True,True,,,,,,0.1,base,aps,,,9,288,0.8715277777777778,0.8923611111111112,1.0868055555555556,2.0,0.8715277777777778,0.8923611111111112,1.0868055555555556,2.0,0.0,0.0,0.0,0.0,-0.0
phase8_human_activity_recognition_seed_45,human_activity_recognition,45,4b6c2b777e813b84,2f8b707b2b778966,e4b3645,True,False,False,logistic_regression,all_features,561,561,none,45,-1,True,True,,,,,,0.1,base,aps,,,13,327,0.9908256880733946,0.926605504587156,0.9755351681957186,1.0,0.9908256880733946,0.926605504587156,0.9755351681957186,1.0,0.0,0.0,0.0,0.0,-0.0
phase8_human_activity_recognition_seed_45,human_activity_recognition,45,4b6c2b777e813b84,2f8b707b2b778966,e4b3645,True,False,False,logistic_regression,all_features,561,561,none,45,-1,True,True,,,,,,0.1,base,aps,,,23,372,0.9838709677419356,0.9516129032258064,0.989247311827957,1.0,0.9838709677419356,0.9516129032258064,0.989247311827957,1.0,0.0,0.0,0.0,0.0,-0.0
phase8_human_activity_recognition_seed_45,human_activity_recognition,45,4b6c2b777e813b84,2f8b707b2b778966,e4b3645,True,False,False,logistic_regression,all_features,561,561,none,45,-1,True,True,,,,,,0.1,base,aps,,,27,376,0.9867021276595744,0.928191489361702,0.9574468085106383,1.0,0.9867021276595744,0.928191489361702,0.9574468085106383,1.0,0.0,0.0,0.0,0.0,-0.0
phase8_human_activity_recognition_seed_45,human_activity_recognition,45,4b6c2b777e813b84,2f8b707b2b778966,e4b3645,True,False,False,logistic_regression,all_features,561,561,none,45,-1,True,True,,,,,,0.1,base,aps,,,29,344,0.9738372093023256,0.9331395348837208,0.9854651162790696,1.0,0.9738372093023256,0.9331395348837208,0.9854651162790696,1.0,0.0,0.0,0.0,0.0,-0.0
phase8_human_activity_recognition_seed_45,human_activity_recognition,45,4b6c2b777e813b84,2f8b707b2b778966,e4b3645,True,False,False,logistic_regression,conformal_harm_one_shot,560,560,selection_train+tune_crossfit,45,-1,True,True,1.0,-0.0022701504844361,0.0032609255823541,0.0045408163265305,0.1445075016307893,0.1,base,aps,,,9,288,0.8854166666666666,0.9027777777777778,1.0798611111111112,2.0,0.8715277777777778,0.8923611111111112,1.0868055555555556,2.0,0.0138888888888888,0.0104166666666666,-0.0069444444444444,0.0,0.0069444444444444
phase8_human_activity_recognition_seed_45,human_activity_recognition,45,4b6c2b777e813b84,2f8b707b2b778966,e4b3645,True,False,False,logistic_regression,conformal_harm_one_shot,560,560,selection_train+tune_crossfit,45,-1,True,True,1.0,-0.0022701504844361,0.0032609255823541,0.0045408163265305,0.1445075016307893,0.1,base,aps,,,13,327,0.9908256880733946,0.9327217125382264,0.981651376146789,1.0,0.9908256880733946,0.926605504587156,0.9755351681957186,1.0,0.0,0.0061162079510703,0.0061162079510703,0.0,-0.0061162079510703
phase8_human_activity_recognition_seed_45,human_activity_recognition,45,4b6c2b777e813b84,2f8b707b2b778966,e4b3645,True,False,False,logistic_regression,conformal_harm_one_shot,560,560,selection_train+tune_crossfit,45,-1,True,True,1.0,-0.0022701504844361,0.0032609255823541,0.0045408163265305,0.1445075016307893,0.1,base,aps,,,23,372,0.9865591397849462,0.9543010752688172,0.9919354838709676,1.0,0.9838709677419356,0.9516129032258064,0.989247311827957,1.0,0.0026881720430107,0.0026881720430107,0.0026881720430107,0.0,-0.0026881720430107
phase8_human_activity_recognition_seed_45,human_activity_recognition,45,4b6c2b777e813b84,2f8b707b2b778966,e4b3645,True,False,False,logistic_regression,conformal_harm_one_shot,560,560,selection_train+tune_crossfit,45,-1,True,True,1.0,-0.0022701504844361,0.0032609255823541,0.0045408163265305,0.1445075016307893,0.1,base,aps,,,27,376,0.9867021276595744,0.9308510638297872,0.9601063829787234,1.0,0.9867021276595744,0.928191489361702,0.9574468085106383,1.0,0.0,0.002659574468085,0.002659574468085,0.0,-0.002659574468085
phase8_human_activity_recognition_seed_45,human_activity_recognition,45,4b6c2b777e813b84,2f8b707b2b778966,e4b3645,True,False,False,logistic_regression,conformal_harm_one_shot,560,560,selection_train+tune_crossfit,45,-1,True,True,1.0,-0.0022701504844361,0.0032609255823541,0.0045408163265305,0.1445075016307893,0.1,base,aps,,,29,344,0.9767441860465116,0.938953488372093,0.9912790697674418,1.0,0.9738372093023256,0.9331395348837208,0.9854651162790696,1.0,0.002906976744186,0.0058139534883721,0.0058139534883721,0.0,-0.0058139534883721
phase8_human_activity_recognition_seed_45,human_activity_recognition,45,4b6c2b777e813b84,2f8b707b2b778966,e4b3645,True,False,False,logistic_regression,conformal_harm_recursive,556,556,selection_train+tune_crossfit,45,-1,True,True,5.0,-0.0028357555143269,0.0026978973407544,0.0074920119562976,0.1431471515546858,0.1,base,aps,,,9,288,0.8923611111111112,0.9097222222222222,1.09375,2.0,0.8715277777777778,0.8923611111111112,1.0868055555555556,2.0,0.0208333333333333,0.017361111111111,0.0069444444444444,0.0,-0.0069444444444444
phase8_human_activity_recognition_seed_45,human_activity_recognition,45,4b6c2b777e813b84,2f8b707b2b778966,e4b3645,True,False,False,logistic_regression,conformal_harm_recursive,556,556,selection_train+tune_crossfit,45,-1,True,True,5.0,-0.0028357555143269,0.0026978973407544,0.0074920119562976,0.1431471515546858,0.1,base,aps,,,13,327,0.9908256880733946,0.9327217125382264,0.981651376146789,1.0,0.9908256880733946,0.926605504587156,0.9755351681957186,1.0,0.0,0.0061162079510703,0.0061162079510703,0.0,-0.0061162079510703
phase8_human_activity_recognition_seed_45,human_activity_recognition,45,4b6c2b777e813b84,2f8b707b2b778966,e4b3645,True,False,False,logistic_regression,conformal_harm_recursive,556,556,selection_train+tune_crossfit,45,-1,True,True,5.0,-0.0028357555143269,0.0026978973407544,0.0074920119562976,0.1431471515546858,0.1,base,aps,,,23,372,0.9865591397849462,0.9596774193548387,1.0,1.0,0.9838709677419356,0.9516129032258064,0.989247311827957,1.0,0.0026881720430107,0.0080645161290322,0.010752688172043,0.0,-0.010752688172043
phase8_human_activity_recognition_seed_45,human_activity_recognition,45,4b6c2b777e813b84,2f8b707b2b778966,e4b3645,True,False,False,logistic_regression,conformal_harm_recursive,556,556,selection_train+tune_crossfit,45,-1,True,True,5.0,-0.0028357555143269,0.0026978973407544,0.0074920119562976,0.1431471515546858,0.1,base,aps,,,27,376,0.9867021276595744,0.9308510638297872,0.9601063829787234,1.0,0.9867021276595744,0.928191489361702,0.9574468085106383,1.0,0.0,0.002659574468085,0.002659574468085,0.0,-0.002659574468085
phase8_human_activity_recognition_seed_45,human_activity_recognition,45,4b6c2b777e813b84,2f8b707b2b778966,e4b3645,True,False,False,logistic_regression,conformal_harm_recursive,556,556,selection_train+tune_crossfit,45,-1,True,True,5.0,-0.0028357555143269,0.0026978973407544,0.0074920119562976,0.1431471515546858,0.1,base,aps,,,29,344,0.9738372093023256,0.936046511627907,0.997093023255814,1.0,0.9738372093023256,0.9331395348837208,0.9854651162790696,1.0,0.0,0.002906976744186,0.0116279069767442,0.0,-0.0116279069767442
phase8_human_activity_recognition_seed_45,human_activity_recognition,45,4b6c2b777e813b84,2f8b707b2b778966,e4b3645,True,False,False,small_neural_network,all_features,561,561,none,45,-1,True,True,,,,,,0.1,base,aps,,,9,288,0.90625,0.9166666666666666,1.1284722222222223,2.0,0.90625,0.9166666666666666,1.1284722222222223,2.0,0.0,0.0,0.0,0.0,-0.0
phase8_human_activity_recognition_seed_45,human_activity_recognition,45,4b6c2b777e813b84,2f8b707b2b778966,e4b3645,True,False,False,small_neural_network,all_features,561,561,none,45,-1,True,True,,,,,,0.1,base,aps,,,13,327,0.9908256880733946,0.9327217125382264,0.9938837920489296,1.0,0.9908256880733946,0.9327217125382264,0.9938837920489296,1.0,0.0,0.0,0.0,0.0,-0.0
phase8_human_activity_recognition_seed_45,human_activity_recognition,45,4b6c2b777e813b84,2f8b707b2b778966,e4b3645,True,False,False,small_neural_network,all_features,561,561,none,45,-1,True,True,,,,,,0.1,base,aps,,,23,372,0.9758064516129032,0.9489247311827956,1.0295698924731185,1.0,0.9758064516129032,0.9489247311827956,1.0295698924731185,1.0,0.0,0.0,0.0,0.0,-0.0
phase8_human_activity_recognition_seed_45,human_activity_recognition,45,4b6c2b777e813b84,2f8b707b2b778966,e4b3645,True,False,False,small_neural_network,all_features,561,561,none,45,-1,True,True,,,,,,0.1,base,aps,,,27,376,0.9813829787234044,0.928191489361702,0.9787234042553192,1.0,0.9813829787234044,0.928191489361702,0.9787234042553192,1.0,0.0,0.0,0.0,0.0,-0.0
phase8_human_activity_recognition_seed_45,human_activity_recognition,45,4b6c2b777e813b84,2f8b707b2b778966,e4b3645,True,False,False,small_neural_network,all_features,561,561,none,45,-1,True,True,,,,,,0.1,base,aps,,,29,344,0.9447674418604652,0.9156976744186046,1.0203488372093024,1.0,0.9447674418604652,0.9156976744186046,1.0203488372093024,1.0,0.0,0.0,0.0,0.0,-0.0
phase8_human_activity_recognition_seed_45,human_activity_recognition,45,4b6c2b777e813b84,2f8b707b2b778966,e4b3645,True,False,False,small_neural_network,conformal_harm_one_shot,560,560,selection_train+tune_crossfit,45,-1,True,True,1.0,-0.0198580189651619,0.0043985776128633,0.0845640074211502,0.1406585855067977,0.1,base,aps,,,9,288,0.8819444444444444,0.9027777777777778,1.0833333333333333,1.0,0.90625,0.9166666666666666,1.1284722222222223,2.0,-0.0243055555555555,-0.0138888888888888,-0.045138888888889,-1.0,0.045138888888889
phase8_human_activity_recognition_seed_45,human_activity_recognition,45,4b6c2b777e813b84,2f8b707b2b778966,e4b3645,True,False,False,small_neural_network,conformal_harm_one_shot,560,560,selection_train+tune_crossfit,45,-1,True,True,1.0,-0.0198580189651619,0.0043985776128633,0.0845640074211502,0.1406585855067977,0.1,base,aps,,,13,327,0.981651376146789,0.9357798165137616,0.9847094801223242,1.0,0.9908256880733946,0.9327217125382264,0.9938837920489296,1.0,-0.0091743119266055,0.0030581039755351,-0.0091743119266054,0.0,0.0091743119266054
phase8_human_activity_recognition_seed_45,human_activity_recognition,45,4b6c2b777e813b84,2f8b707b2b778966,e4b3645,True,False,False,small_neural_network,conformal_harm_one_shot,560,560,selection_train+tune_crossfit,45,-1,True,True,1.0,-0.0198580189651619,0.0043985776128633,0.0845640074211502,0.1406585855067977,0.1,base,aps,,,23,372,0.9865591397849462,0.9650537634408602,1.0053763440860215,1.0,0.9758064516129032,0.9489247311827956,1.0295698924731185,1.0,0.010752688172043,0.0161290322580645,-0.0241935483870967,0.0,0.0241935483870967
phase8_human_activity_recognition_seed_45,human_activity_recognition,45,4b6c2b777e813b84,2f8b707b2b778966,e4b3645,True,False,False,small_neural_network,conformal_harm_one_shot,560,560,selection_train+tune_crossfit,45,-1,True,True,1.0,-0.0198580189651619,0.0043985776128633,0.0845640074211502,0.1406585855067977,0.1,base,aps,,,27,376,0.976063829787234,0.9308510638297872,0.9707446808510638,1.0,0.9813829787234044,0.928191489361702,0.9787234042553192,1.0,-0.0053191489361702,0.002659574468085,-0.0079787234042553,0.0,0.0079787234042553
phase8_human_activity_recognition_seed_45,human_activity_recognition,45,4b6c2b777e813b84,2f8b707b2b778966,e4b3645,True,False,False,small_neural_network,conformal_harm_one_shot,560,560,selection_train+tune_crossfit,45,-1,True,True,1.0,-0.0198580189651619,0.0043985776128633,0.0845640074211502,0.1406585855067977,0.1,base,aps,,,29,344,0.9447674418604652,0.9273255813953488,1.0087209302325582,1.0,0.9447674418604652,0.9156976744186046,1.0203488372093024,1.0,0.0,0.0116279069767442,-0.0116279069767442,0.0,0.0116279069767442
phase8_human_activity_recognition_seed_45,human_activity_recognition,45,4b6c2b777e813b84,2f8b707b2b778966,e4b3645,True,False,False,small_neural_network,conformal_harm_recursive,556,556,selection_train+tune_crossfit,45,-1,True,True,5.0,-0.0130462791177077,0.0066713048855906,0.0992073799216656,0.141838443139813,0.1,base,aps,,,9,288,0.8958333333333334,0.9201388888888888,1.0625,1.0,0.90625,0.9166666666666666,1.1284722222222223,2.0,-0.0104166666666666,0.0034722222222222,-0.0659722222222223,-1.0,0.0659722222222223
phase8_human_activity_recognition_seed_45,human_activity_recognition,45,4b6c2b777e813b84,2f8b707b2b778966,e4b3645,True,False,False,small_neural_network,conformal_harm_recursive,556,556,selection_train+tune_crossfit,45,-1,True,True,5.0,-0.0130462791177077,0.0066713048855906,0.0992073799216656,0.141838443139813,0.1,base,aps,,,13,327,0.9847094801223242,0.9357798165137616,0.963302752293578,1.0,0.9908256880733946,0.9327217125382264,0.9938837920489296,1.0,-0.0061162079510703,0.0030581039755351,-0.0305810397553516,0.0,0.0305810397553516
phase8_human_activity_recognition_seed_45,human_activity_recognition,45,4b6c2b777e813b84,2f8b707b2b778966,e4b3645,True,False,False,small_neural_network,conformal_harm_recursive,556,556,selection_train+tune_crossfit,45,-1,True,True,5.0,-0.0130462791177077,0.0066713048855906,0.0992073799216656,0.141838443139813,0.1,base,aps,,,23,372,0.978494623655914,0.967741935483871,1.0026881720430108,1.0,0.9758064516129032,0.9489247311827956,1.0295698924731185,1.0,0.0026881720430107,0.0188172043010752,-0.0268817204301075,0.0,0.0268817204301075
phase8_human_activity_recognition_seed_45,human_activity_recognition,45,4b6c2b777e813b84,2f8b707b2b778966,e4b3645,True,False,False,small_neural_network,conformal_harm_recursive,556,556,selection_train+tune_crossfit,45,-1,True,True,5.0,-0.0130462791177077,0.0066713048855906,0.0992073799216656,0.141838443139813,0.1,base,aps,,,27,376,0.9840425531914894,0.9414893617021276,0.973404255319149,1.0,0.9813829787234044,0.928191489361702,0.9787234042553192,1.0,0.002659574468085,0.0132978723404255,-0.0053191489361701,0.0,0.0053191489361701
phase8_human_activity_recognition_seed_45,human_activity_recognition,45,4b6c2b777e813b84,2f8b707b2b778966,e4b3645,True,False,False,small_neural_network,conformal_harm_recursive,556,556,selection_train+tune_crossfit,45,-1,True,True,5.0,-0.0130462791177077,0.0066713048855906,0.0992073799216656,0.141838443139813,0.1,base,aps,,,29,344,0.9622093023255814,0.936046511627907,0.9854651162790696,1.0,0.9447674418604652,0.9156976744186046,1.0203488372093024,1.0,0.0174418604651163,0.0203488372093023,-0.0348837209302326,0.0,0.0348837209302326
phase8_human_activity_recognition_seed_46,human_activity_recognition,46,c2f1511d2314022a,1315b0409317c9b7,e4b3645,True,False,False,logistic_regression,all_features,561,561,none,46,-1,True,True,,,,,,0.1,base,aps,,,9,288,0.8576388888888888,0.8298611111111112,1.0138888888888888,1.0,0.8576388888888888,0.8298611111111112,1.0138888888888888,1.0,0.0,0.0,0.0,0.0,-0.0
phase8_human_activity_recognition_seed_46,human_activity_recognition,46,c2f1511d2314022a,1315b0409317c9b7,e4b3645,True,False,False,logistic_regression,all_features,561,561,none,46,-1,True,True,,,,,,0.1,base,aps,,,10,294,0.8333333333333334,0.7891156462585034,0.9965986394557824,1.0,0.8333333333333334,0.7891156462585034,0.9965986394557824,1.0,0.0,0.0,0.0,0.0,-0.0
phase8_human_activity_recognition_seed_46,human_activity_recognition,46,c2f1511d2314022a,1315b0409317c9b7,e4b3645,True,False,False,logistic_regression,all_features,561,561,none,46,-1,True,True,,,,,,0.1,base,aps,,,17,368,0.9755434782608696,0.8994565217391305,0.9592391304347826,1.0,0.9755434782608696,0.8994565217391305,0.9592391304347826,1.0,0.0,0.0,0.0,0.0,-0.0
phase8_human_activity_recognition_seed_46,human_activity_recognition,46,c2f1511d2314022a,1315b0409317c9b7,e4b3645,True,False,False,logistic_regression,all_features,561,561,none,46,-1,True,True,,,,,,0.1,base,aps,,,25,409,0.863080684596577,0.8557457212713936,1.0660146699266504,2.0,0.863080684596577,0.8557457212713936,1.0660146699266504,2.0,0.0,0.0,0.0,0.0,-0.0
phase8_human_activity_recognition_seed_46,human_activity_recognition,46,c2f1511d2314022a,1315b0409317c9b7,e4b3645,True,False,False,logistic_regression,all_features,561,561,none,46,-1,True,True,,,,,,0.1,base,aps,,,29,344,0.9622093023255814,0.875,0.9331395348837208,1.0,0.9622093023255814,0.875,0.9331395348837208,1.0,0.0,0.0,0.0,0.0,-0.0
phase8_human_activity_recognition_seed_46,human_activity_recognition,46,c2f1511d2314022a,1315b0409317c9b7,e4b3645,True,False,False,logistic_regression,conformal_harm_one_shot,558,558,selection_train+tune_crossfit,46,-1,True,True,3.0,-0.0034220571868401,0.0163655464370039,0.0104983825839132,0.0744460541147992,0.1,base,aps,,,9,288,0.8680555555555556,0.8402777777777778,1.0347222222222223,2.0,0.8576388888888888,0.8298611111111112,1.0138888888888888,1.0,0.0104166666666667,0.0104166666666666,0.0208333333333334,1.0,-0.0208333333333334
phase8_human_activity_recognition_seed_46,human_activity_recognition,46,c2f1511d2314022a,1315b0409317c9b7,e4b3645,True,False,False,logistic_regression,conformal_harm_one_shot,558,558,selection_train+tune_crossfit,46,-1,True,True,3.0,-0.0034220571868401,0.0163655464370039,0.0104983825839132,0.0744460541147992,0.1,base,aps,,,10,294,0.8401360544217688,0.7891156462585034,0.9965986394557824,1.0,0.8333333333333334,0.7891156462585034,0.9965986394557824,1.0,0.0068027210884353,0.0,0.0,0.0,-0.0
phase8_human_activity_recognition_seed_46,human_activity_recognition,46,c2f1511d2314022a,1315b0409317c9b7,e4b3645,True,False,False,logistic_regression,conformal_harm_one_shot,558,558,selection_train+tune_crossfit,46,-1,True,True,3.0,-0.0034220571868401,0.0163655464370039,0.0104983825839132,0.0744460541147992,0.1,base,aps,,,17,368,0.9782608695652174,0.8940217391304348,0.9510869565217392,1.0,0.9755434782608696,0.8994565217391305,0.9592391304347826,1.0,0.0027173913043478,-0.0054347826086956,-0.0081521739130434,0.0,0.0081521739130434
phase8_human_activity_recognition_seed_46,human_activity_recognition,46,c2f1511d2314022a,1315b0409317c9b7,e4b3645,True,False,False,logistic_regression,conformal_harm_one_shot,558,558,selection_train+tune_crossfit,46,-1,True,True,3.0,-0.0034220571868401,0.0163655464370039,0.0104983825839132,0.0744460541147992,0.1,base,aps,,,25,409,0.8606356968215159,0.8606356968215159,1.0709046454767726,2.0,0.863080684596577,0.8557457212713936,1.0660146699266504,2.0,-0.0024449877750611,0.0048899755501222,0.0048899755501221,0.0,-0.0048899755501221
phase8_human_activity_recognition_seed_46,human_activity_recognition,46,c2f1511d2314022a,1315b0409317c9b7,e4b3645,True,False,False,logistic_regression,conformal_harm_one_shot,558,558,selection_train+tune_crossfit,46,-1,True,True,3.0,-0.0034220571868401,0.0163655464370039,0.0104983825839132,0.0744460541147992,0.1,base,aps,,,29,344,0.9651162790697676,0.8837209302325582,0.9418604651162792,1.0,0.9622093023255814,0.875,0.9331395348837208,1.0,0.002906976744186,0.0087209302325581,0.0087209302325581,0.0,-0.0087209302325581
phase8_human_activity_recognition_seed_46,human_activity_recognition,46,c2f1511d2314022a,1315b0409317c9b7,e4b3645,True,False,False,logistic_regression,conformal_harm_recursive,556,556,selection_train+tune_crossfit,46,-1,True,True,5.0,-0.0068441143736802,0.0140850417615793,0.0124385017838383,0.0753857841903343,0.1,base,aps,,,9,288,0.8645833333333334,0.84375,1.0277777777777777,2.0,0.8576388888888888,0.8298611111111112,1.0138888888888888,1.0,0.0069444444444445,0.0138888888888888,0.0138888888888888,1.0,-0.0138888888888888
phase8_human_activity_recognition_seed_46,human_activity_recognition,46,c2f1511d2314022a,1315b0409317c9b7,e4b3645,True,False,False,logistic_regression,conformal_harm_recursive,556,556,selection_train+tune_crossfit,46,-1,True,True,5.0,-0.0068441143736802,0.0140850417615793,0.0124385017838383,0.0753857841903343,0.1,base,aps,,,10,294,0.8401360544217688,0.7891156462585034,0.9965986394557824,1.0,0.8333333333333334,0.7891156462585034,0.9965986394557824,1.0,0.0068027210884353,0.0,0.0,0.0,-0.0
phase8_human_activity_recognition_seed_46,human_activity_recognition,46,c2f1511d2314022a,1315b0409317c9b7,e4b3645,True,False,False,logistic_regression,conformal_harm_recursive,556,556,selection_train+tune_crossfit,46,-1,True,True,5.0,-0.0068441143736802,0.0140850417615793,0.0124385017838383,0.0753857841903343,0.1,base,aps,,,17,368,0.9782608695652174,0.8940217391304348,0.9402173913043478,1.0,0.9755434782608696,0.8994565217391305,0.9592391304347826,1.0,0.0027173913043478,-0.0054347826086956,-0.0190217391304348,0.0,0.0190217391304348
phase8_human_activity_recognition_seed_46,human_activity_recognition,46,c2f1511d2314022a,1315b0409317c9b7,e4b3645,True,False,False,logistic_regression,conformal_harm_recursive,556,556,selection_train+tune_crossfit,46,-1,True,True,5.0,-0.0068441143736802,0.0140850417615793,0.0124385017838383,0.0753857841903343,0.1,base,aps,,,25,409,0.8581907090464548,0.8581907090464548,1.0635696821515892,2.0,0.863080684596577,0.8557457212713936,1.0660146699266504,2.0,-0.0048899755501222,0.0024449877750611,-0.0024449877750611,0.0,0.0024449877750611
phase8_human_activity_recognition_seed_46,human_activity_recognition,46,c2f1511d2314022a,1315b0409317c9b7,e4b3645,True,False,False,logistic_regression,conformal_harm_recursive,556,556,selection_train+tune_crossfit,46,-1,True,True,5.0,-0.0068441143736802,0.0140850417615793,0.0124385017838383,0.0753857841903343,0.1,base,aps,,,29,344,0.9680232558139537,0.8808139534883721,0.9447674418604652,1.0,0.9622093023255814,0.875,0.9331395348837208,1.0,0.0058139534883721,0.0058139534883721,0.0116279069767442,0.0,-0.0116279069767442
phase8_human_activity_recognition_seed_46,human_activity_recognition,46,c2f1511d2314022a,1315b0409317c9b7,e4b3645,True,False,False,small_neural_network,all_features,561,561,none,46,-1,True,True,,,,,,0.1,base,aps,,,9,288,0.8576388888888888,0.8263888888888888,1.0208333333333333,1.0,0.8576388888888888,0.8263888888888888,1.0208333333333333,1.0,0.0,0.0,0.0,0.0,-0.0
phase8_human_activity_recognition_seed_46,human_activity_recognition,46,c2f1511d2314022a,1315b0409317c9b7,e4b3645,True,False,False,small_neural_network,all_features,561,561,none,46,-1,True,True,,,,,,0.1,base,aps,,,10,294,0.7993197278911565,0.7721088435374149,1.04421768707483,2.0,0.7993197278911565,0.7721088435374149,1.04421768707483,2.0,0.0,0.0,0.0,0.0,-0.0
phase8_human_activity_recognition_seed_46,human_activity_recognition,46,c2f1511d2314022a,1315b0409317c9b7,e4b3645,True,False,False,small_neural_network,all_features,561,561,none,46,-1,True,True,,,,,,0.1,base,aps,,,17,368,0.970108695652174,0.9130434782608696,0.9809782608695652,1.0,0.970108695652174,0.9130434782608696,0.9809782608695652,1.0,0.0,0.0,0.0,0.0,-0.0
phase8_human_activity_recognition_seed_46,human_activity_recognition,46,c2f1511d2314022a,1315b0409317c9b7,e4b3645,True,False,False,small_neural_network,all_features,561,561,none,46,-1,True,True,,,,,,0.1,base,aps,,,25,409,0.8606356968215159,0.8655256723716381,1.097799511002445,2.0,0.8606356968215159,0.8655256723716381,1.097799511002445,2.0,0.0,0.0,0.0,0.0,-0.0
phase8_human_activity_recognition_seed_46,human_activity_recognition,46,c2f1511d2314022a,1315b0409317c9b7,e4b3645,True,False,False,small_neural_network,all_features,561,561,none,46,-1,True,True,,,,,,0.1,base,aps,,,29,344,0.9593023255813954,0.8924418604651163,0.9651162790697676,1.0,0.9593023255813954,0.8924418604651163,0.9651162790697676,1.0,0.0,0.0,0.0,0.0,-0.0
phase8_human_activity_recognition_seed_46,human_activity_recognition,46,c2f1511d2314022a,1315b0409317c9b7,e4b3645,True,False,False,small_neural_network,conformal_harm_one_shot,560,560,selection_train+tune_crossfit,46,-1,True,True,1.0,-0.0091233188754017,0.0140863419352825,0.02178883098782,0.0941678619553199,0.1,base,aps,,,9,288,0.8923611111111112,0.8472222222222222,0.9895833333333334,1.0,0.8576388888888888,0.8263888888888888,1.0208333333333333,1.0,0.0347222222222223,0.0208333333333333,-0.0312499999999998,0.0,0.0312499999999998
phase8_human_activity_recognition_seed_46,human_activity_recognition,46,c2f1511d2314022a,1315b0409317c9b7,e4b3645,True,False,False,small_neural_network,conformal_harm_one_shot,560,560,selection_train+tune_crossfit,46,-1,True,True,1.0,-0.0091233188754017,0.0140863419352825,0.02178883098782,0.0941678619553199,0.1,base,aps,,,10,294,0.8197278911564626,0.7857142857142857,1.0408163265306123,2.0,0.7993197278911565,0.7721088435374149,1.04421768707483,2.0,0.0204081632653061,0.0136054421768707,-0.0034013605442175,0.0,0.0034013605442175
phase8_human_activity_recognition_seed_46,human_activity_recognition,46,c2f1511d2314022a,1315b0409317c9b7,e4b3645,True,False,False,small_neural_network,conformal_harm_one_shot,560,560,selection_train+tune_crossfit,46,-1,True,True,1.0,-0.0091233188754017,0.0140863419352825,0.02178883098782,0.0941678619553199,0.1,base,aps,,,17,368,0.970108695652174,0.8940217391304348,0.9592391304347826,1.0,0.970108695652174,0.9130434782608696,0.9809782608695652,1.0,0.0,-0.0190217391304347,-0.0217391304347825,0.0,0.0217391304347825
phase8_human_activity_recognition_seed_46,human_activity_recognition,46,c2f1511d2314022a,1315b0409317c9b7,e4b3645,True,False,False,small_neural_network,conformal_harm_one_shot,560,560,selection_train+tune_crossfit,46,-1,True,True,1.0,-0.0091233188754017,0.0140863419352825,0.02178883098782,0.0941678619553199,0.1,base,aps,,,25,409,0.8533007334963325,0.8484107579462102,1.0635696821515892,2.0,0.8606356968215159,0.8655256723716381,1.097799511002445,2.0,-0.0073349633251833,-0.0171149144254278,-0.0342298288508557,0.0,0.0342298288508557
phase8_human_activity_recognition_seed_46,human_activity_recognition,46,c2f1511d2314022a,1315b0409317c9b7,e4b3645,True,False,False,small_neural_network,conformal_harm_one_shot,560,560,selection_train+tune_crossfit,46,-1,True,True,1.0,-0.0091233188754017,0.0140863419352825,0.02178883098782,0.0941678619553199,0.1,base,aps,,,29,344,0.9534883720930232,0.877906976744186,0.9505813953488372,1.0,0.9593023255813954,0.8924418604651163,0.9651162790697676,1.0,-0.0058139534883721,-0.0145348837209302,-0.0145348837209302,0.0,0.0145348837209302
phase8_human_activity_recognition_seed_46,human_activity_recognition,46,c2f1511d2314022a,1315b0409317c9b7,e4b3645,True,False,False,small_neural_network,conformal_harm_recursive,556,556,selection_train+tune_crossfit,46,-1,True,True,5.0,-0.0096875942625934,0.0129434892501638,0.0246424522316182,0.0703868538869418,0.1,base,aps,,,9,288,0.9027777777777778,0.8472222222222222,0.9965277777777778,1.0,0.8576388888888888,0.8263888888888888,1.0208333333333333,1.0,0.0451388888888889,0.0208333333333333,-0.0243055555555554,0.0,0.0243055555555554
phase8_human_activity_recognition_seed_46,human_activity_recognition,46,c2f1511d2314022a,1315b0409317c9b7,e4b3645,True,False,False,small_neural_network,conformal_harm_recursive,556,556,selection_train+tune_crossfit,46,-1,True,True,5.0,-0.0096875942625934,0.0129434892501638,0.0246424522316182,0.0703868538869418,0.1,base,aps,,,10,294,0.8741496598639455,0.8367346938775511,1.030612244897959,2.0,0.7993197278911565,0.7721088435374149,1.04421768707483,2.0,0.074829931972789,0.0646258503401361,-0.0136054421768707,0.0,0.0136054421768707
phase8_human_activity_recognition_seed_46,human_activity_recognition,46,c2f1511d2314022a,1315b0409317c9b7,e4b3645,True,False,False,small_neural_network,conformal_harm_recursive,556,556,selection_train+tune_crossfit,46,-1,True,True,5.0,-0.0096875942625934,0.0129434892501638,0.0246424522316182,0.0703868538869418,0.1,base,aps,,,17,368,0.9619565217391304,0.8940217391304348,0.9619565217391304,1.0,0.970108695652174,0.9130434782608696,0.9809782608695652,1.0,-0.0081521739130434,-0.0190217391304347,-0.0190217391304347,0.0,0.0190217391304347
phase8_human_activity_recognition_seed_46,human_activity_recognition,46,c2f1511d2314022a,1315b0409317c9b7,e4b3645,True,False,False,small_neural_network,conformal_harm_recursive,556,556,selection_train+tune_crossfit,46,-1,True,True,5.0,-0.0096875942625934,0.0129434892501638,0.0246424522316182,0.0703868538869418,0.1,base,aps,,,25,409,0.8777506112469438,0.8850855745721271,1.1002444987775062,2.0,0.8606356968215159,0.8655256723716381,1.097799511002445,2.0,0.0171149144254278,0.0195599022004889,0.0024449877750611,0.0,-0.0024449877750611
phase8_human_activity_recognition_seed_46,human_activity_recognition,46,c2f1511d2314022a,1315b0409317c9b7,e4b3645,True,False,False,small_neural_network,conformal_harm_recursive,556,556,selection_train+tune_crossfit,46,-1,True,True,5.0,-0.0096875942625934,0.0129434892501638,0.0246424522316182,0.0703868538869418,0.1,base,aps,,,29,344,0.9622093023255814,0.872093023255814,0.9273255813953488,1.0,0.9593023255813954,0.8924418604651163,0.9651162790697676,1.0,0.002906976744186,-0.0203488372093023,-0.0377906976744186,0.0,0.0377906976744186
phase8_human_activity_recognition_seed_47,human_activity_recognition,47,4d4333e178f09e88,2fbdb52635aa2d01,e4b3645,True,False,False,logistic_regression,all_features,561,561,none,47,-1,True,True,,,,,,0.1,base,aps,,,8,281,0.9217081850533808,0.8932384341637011,1.0320284697508897,1.0,0.9217081850533808,0.8932384341637011,1.0320284697508897,1.0,0.0,0.0,0.0,0.0,-0.0
phase8_human_activity_recognition_seed_47,human_activity_recognition,47,4d4333e178f09e88,2fbdb52635aa2d01,e4b3645,True,False,False,logistic_regression,all_features,561,561,none,47,-1,True,True,,,,,,0.1,base,aps,,,9,288,0.9131944444444444,0.9027777777777778,1.0520833333333333,2.0,0.9131944444444444,0.9027777777777778,1.0520833333333333,2.0,0.0,0.0,0.0,0.0,-0.0
phase8_human_activity_recognition_seed_47,human_activity_recognition,47,4d4333e178f09e88,2fbdb52635aa2d01,e4b3645,True,False,False,logistic_regression,all_features,561,561,none,47,-1,True,True,,,,,,0.1,base,aps,,,18,364,0.925824175824176,0.8983516483516484,1.0576923076923077,1.0,0.925824175824176,0.8983516483516484,1.0576923076923077,1.0,0.0,0.0,0.0,0.0,-0.0
phase8_human_activity_recognition_seed_47,human_activity_recognition,47,4d4333e178f09e88,2fbdb52635aa2d01,e4b3645,True,False,False,logistic_regression,all_features,561,561,none,47,-1,True,True,,,,,,0.1,base,aps,,,22,321,0.9906542056074766,0.9376947040498442,0.9813084112149532,1.0,0.9906542056074766,0.9376947040498442,0.9813084112149532,1.0,0.0,0.0,0.0,0.0,-0.0
phase8_human_activity_recognition_seed_47,human_activity_recognition,47,4d4333e178f09e88,2fbdb52635aa2d01,e4b3645,True,False,False,logistic_regression,all_features,561,561,none,47,-1,True,True,,,,,,0.1,base,aps,,,25,409,0.8606356968215159,0.8508557457212714,1.0440097799511003,1.0,0.8606356968215159,0.8508557457212714,1.0440097799511003,1.0,0.0,0.0,0.0,0.0,-0.0
phase8_human_activity_recognition_seed_47,human_activity_recognition,47,4d4333e178f09e88,2fbdb52635aa2d01,e4b3645,True,False,False,logistic_regression,conformal_harm_one_shot,556,556,selection_train+tune_crossfit,47,-1,True,True,5.0,-0.0320031858247683,0.0126422645247717,0.0423191228287421,0.1386086017175952,0.1,base,aps,,,8,281,0.9466192170818504,0.8896797153024911,1.0142348754448398,1.0,0.9217081850533808,0.8932384341637011,1.0320284697508897,1.0,0.0249110320284696,-0.0035587188612099,-0.0177935943060498,0.0,0.0177935943060498
phase8_human_activity_recognition_seed_47,human_activity_recognition,47,4d4333e178f09e88,2fbdb52635aa2d01,e4b3645,True,False,False,logistic_regression,conformal_harm_one_shot,556,556,selection_train+tune_crossfit,47,-1,True,True,5.0,-0.0320031858247683,0.0126422645247717,0.0423191228287421,0.1386086017175952,0.1,base,aps,,,9,288,0.9375,0.90625,1.0381944444444444,1.0,0.9131944444444444,0.9027777777777778,1.0520833333333333,2.0,0.0243055555555555,0.0034722222222222,-0.0138888888888888,-1.0,0.0138888888888888
phase8_human_activity_recognition_seed_47,human_activity_recognition,47,4d4333e178f09e88,2fbdb52635aa2d01,e4b3645,True,False,False,logistic_regression,conformal_harm_one_shot,556,556,selection_train+tune_crossfit,47,-1,True,True,5.0,-0.0320031858247683,0.0126422645247717,0.0423191228287421,0.1386086017175952,0.1,base,aps,,,18,364,0.9313186813186812,0.903846153846154,1.0604395604395604,2.0,0.925824175824176,0.8983516483516484,1.0576923076923077,1.0,0.0054945054945054,0.0054945054945054,0.0027472527472527,1.0,-0.0027472527472527
phase8_human_activity_recognition_seed_47,human_activity_recognition,47,4d4333e178f09e88,2fbdb52635aa2d01,e4b3645,True,False,False,logistic_regression,conformal_harm_one_shot,556,556,selection_train+tune_crossfit,47,-1,True,True,5.0,-0.0320031858247683,0.0126422645247717,0.0423191228287421,0.1386086017175952,0.1,base,aps,,,22,321,0.9875389408099688,0.9314641744548288,0.9657320872274144,1.0,0.9906542056074766,0.9376947040498442,0.9813084112149532,1.0,-0.0031152647975077,-0.0062305295950155,-0.0155763239875389,0.0,0.0155763239875389
phase8_human_activity_recognition_seed_47,human_activity_recognition,47,4d4333e178f09e88,2fbdb52635aa2d01,e4b3645,True,False,False,logistic_regression,conformal_harm_one_shot,556,556,selection_train+tune_crossfit,47,-1,True,True,5.0,-0.0320031858247683,0.0126422645247717,0.0423191228287421,0.1386086017175952,0.1,base,aps,,,25,409,0.8386308068459658,0.8264058679706602,1.02200488997555,1.0,0.8606356968215159,0.8508557457212714,1.0440097799511003,1.0,-0.02200488997555,-0.0244498777506112,-0.0220048899755502,0.0,0.0220048899755502
phase8_human_activity_recognition_seed_47,human_activity_recognition,47,4d4333e178f09e88,2fbdb52635aa2d01,e4b3645,True,False,False,logistic_regression,conformal_harm_recursive,556,556,selection_train+tune_crossfit,47,-1,True,True,5.0,-0.0320031858247683,0.0126422645247717,0.0423191228287421,0.1386086017175952,0.1,base,aps,,,8,281,0.9466192170818504,0.8896797153024911,1.0142348754448398,1.0,0.9217081850533808,0.8932384341637011,1.0320284697508897,1.0,0.0249110320284696,-0.0035587188612099,-0.0177935943060498,0.0,0.0177935943060498
phase8_human_activity_recognition_seed_47,human_activity_recognition,47,4d4333e178f09e88,2fbdb52635aa2d01,e4b3645,True,False,False,logistic_regression,conformal_harm_recursive,556,556,selection_train+tune_crossfit,47,-1,True,True,5.0,-0.0320031858247683,0.0126422645247717,0.0423191228287421,0.1386086017175952,0.1,base,aps,,,9,288,0.9375,0.90625,1.0381944444444444,1.0,0.9131944444444444,0.9027777777777778,1.0520833333333333,2.0,0.0243055555555555,0.0034722222222222,-0.0138888888888888,-1.0,0.0138888888888888
phase8_human_activity_recognition_seed_47,human_activity_recognition,47,4d4333e178f09e88,2fbdb52635aa2d01,e4b3645,True,False,False,logistic_regression,conformal_harm_recursive,556,556,selection_train+tune_crossfit,47,-1,True,True,5.0,-0.0320031858247683,0.0126422645247717,0.0423191228287421,0.1386086017175952,0.1,base,aps,,,18,364,0.9313186813186812,0.903846153846154,1.0604395604395604,2.0,0.925824175824176,0.8983516483516484,1.0576923076923077,1.0,0.0054945054945054,0.0054945054945054,0.0027472527472527,1.0,-0.0027472527472527
phase8_human_activity_recognition_seed_47,human_activity_recognition,47,4d4333e178f09e88,2fbdb52635aa2d01,e4b3645,True,False,False,logistic_regression,conformal_harm_recursive,556,556,selection_train+tune_crossfit,47,-1,True,True,5.0,-0.0320031858247683,0.0126422645247717,0.0423191228287421,0.1386086017175952,0.1,base,aps,,,22,321,0.9875389408099688,0.9314641744548288,0.9657320872274144,1.0,0.9906542056074766,0.9376947040498442,0.9813084112149532,1.0,-0.0031152647975077,-0.0062305295950155,-0.0155763239875389,0.0,0.0155763239875389
phase8_human_activity_recognition_seed_47,human_activity_recognition,47,4d4333e178f09e88,2fbdb52635aa2d01,e4b3645,True,False,False,logistic_regression,conformal_harm_recursive,556,556,selection_train+tune_crossfit,47,-1,True,True,5.0,-0.0320031858247683,0.0126422645247717,0.0423191228287421,0.1386086017175952,0.1,base,aps,,,25,409,0.8386308068459658,0.8264058679706602,1.02200488997555,1.0,0.8606356968215159,0.8508557457212714,1.0440097799511003,1.0,-0.02200488997555,-0.0244498777506112,-0.0220048899755502,0.0,0.0220048899755502
phase8_human_activity_recognition_seed_47,human_activity_recognition,47,4d4333e178f09e88,2fbdb52635aa2d01,e4b3645,True,False,False,small_neural_network,all_features,561,561,none,47,-1,True,True,,,,,,0.1,base,aps,,,8,281,0.896797153024911,0.8825622775800712,1.0284697508896796,1.0,0.896797153024911,0.8825622775800712,1.0284697508896796,1.0,0.0,0.0,0.0,0.0,-0.0
phase8_human_activity_recognition_seed_47,human_activity_recognition,47,4d4333e178f09e88,2fbdb52635aa2d01,e4b3645,True,False,False,small_neural_network,all_features,561,561,none,47,-1,True,True,,,,,,0.1,base,aps,,,9,288,0.90625,0.8784722222222222,1.0451388888888888,1.3000000000000114,0.90625,0.8784722222222222,1.0451388888888888,1.3000000000000114,0.0,0.0,0.0,0.0,-0.0
phase8_human_activity_recognition_seed_47,human_activity_recognition,47,4d4333e178f09e88,2fbdb52635aa2d01,e4b3645,True,False,False,small_neural_network,all_features,561,561,none,47,-1,True,True,,,,,,0.1,base,aps,,,18,364,0.9230769230769232,0.8983516483516484,1.0357142857142858,1.0,0.9230769230769232,0.8983516483516484,1.0357142857142858,1.0,0.0,0.0,0.0,0.0,-0.0
phase8_human_activity_recognition_seed_47,human_activity_recognition,47,4d4333e178f09e88,2fbdb52635aa2d01,e4b3645,True,False,False,small_neural_network,all_features,561,561,none,47,-1,True,True,,,,,,0.1,base,aps,,,22,321,0.9750778816199376,0.9283489096573208,0.9750778816199376,1.0,0.9750778816199376,0.9283489096573208,0.9750778816199376,1.0,0.0,0.0,0.0,0.0,-0.0
phase8_human_activity_recognition_seed_47,human_activity_recognition,47,4d4333e178f09e88,2fbdb52635aa2d01,e4b3645,True,False,False,small_neural_network,all_features,561,561,none,47,-1,True,True,,,,,,0.1,base,aps,,,25,409,0.8508557457212714,0.8337408312958435,1.0440097799511003,1.1999999999999886,0.8508557457212714,0.8337408312958435,1.0440097799511003,1.1999999999999886,0.0,0.0,0.0,0.0,-0.0
phase8_human_activity_recognition_seed_47,human_activity_recognition,47,4d4333e178f09e88,2fbdb52635aa2d01,e4b3645,True,False,False,small_neural_network,conformal_harm_one_shot,560,560,selection_train+tune_crossfit,47,-1,True,True,1.0,-0.0260776080422374,0.0144237372088572,0.0463534689466514,0.1008681420343868,0.1,base,aps,,,8,281,0.8861209964412812,0.8790035587188612,1.0889679715302492,2.0,0.896797153024911,0.8825622775800712,1.0284697508896796,1.0,-0.0106761565836298,-0.00355871886121,0.0604982206405695,1.0,-0.0604982206405695
phase8_human_activity_recognition_seed_47,human_activity_recognition,47,4d4333e178f09e88,2fbdb52635aa2d01,e4b3645,True,False,False,small_neural_network,conformal_harm_one_shot,560,560,selection_train+tune_crossfit,47,-1,True,True,1.0,-0.0260776080422374,0.0144237372088572,0.0463534689466514,0.1008681420343868,0.1,base,aps,,,9,288,0.9201388888888888,0.8993055555555556,1.0555555555555556,1.0,0.90625,0.8784722222222222,1.0451388888888888,1.3000000000000114,0.0138888888888888,0.0208333333333333,0.0104166666666667,-0.3000000000000113,-0.0104166666666667
phase8_human_activity_recognition_seed_47,human_activity_recognition,47,4d4333e178f09e88,2fbdb52635aa2d01,e4b3645,True,False,False,small_neural_network,conformal_harm_one_shot,560,560,selection_train+tune_crossfit,47,-1,True,True,1.0,-0.0260776080422374,0.0144237372088572,0.0463534689466514,0.1008681420343868,0.1,base,aps,,,18,364,0.9065934065934066,0.903846153846154,1.0714285714285714,1.0,0.9230769230769232,0.8983516483516484,1.0357142857142858,1.0,-0.0164835164835165,0.0054945054945054,0.0357142857142855,0.0,-0.0357142857142855
phase8_human_activity_recognition_seed_47,human_activity_recognition,47,4d4333e178f09e88,2fbdb52635aa2d01,e4b3645,True,False,False,small_neural_network,conformal_harm_one_shot,560,560,selection_train+tune_crossfit,47,-1,True,True,1.0,-0.0260776080422374,0.0144237372088572,0.0463534689466514,0.1008681420343868,0.1,base,aps,,,22,321,0.9781931464174456,0.9283489096573208,0.9781931464174456,1.0,0.9750778816199376,0.9283489096573208,0.9750778816199376,1.0,0.0031152647975077,0.0,0.0031152647975077,0.0,-0.0031152647975077
phase8_human_activity_recognition_seed_47,human_activity_recognition,47,4d4333e178f09e88,2fbdb52635aa2d01,e4b3645,True,False,False,small_neural_network,conformal_harm_one_shot,560,560,selection_train+tune_crossfit,47,-1,True,True,1.0,-0.0260776080422374,0.0144237372088572,0.0463534689466514,0.1008681420343868,0.1,base,aps,,,25,409,0.8337408312958435,0.8361858190709046,1.0831295843520783,2.0,0.8508557457212714,0.8337408312958435,1.0440097799511003,1.1999999999999886,-0.0171149144254278,0.002444987775061,0.0391198044009779,0.8000000000000114,-0.0391198044009779
phase8_human_activity_recognition_seed_47,human_activity_recognition,47,4d4333e178f09e88,2fbdb52635aa2d01,e4b3645,True,False,False,small_neural_network,conformal_harm_recursive,559,559,selection_train+tune_crossfit,47,-1,True,True,2.0,-0.0260762008758204,0.0185692494737198,0.0567870450630973,0.1296435831317705,0.1,base,aps,,,8,281,0.8896797153024911,0.8683274021352313,1.0391459074733096,1.0,0.896797153024911,0.8825622775800712,1.0284697508896796,1.0,-0.0071174377224199,-0.0142348754448399,0.0106761565836299,0.0,-0.0106761565836299
phase8_human_activity_recognition_seed_47,human_activity_recognition,47,4d4333e178f09e88,2fbdb52635aa2d01,e4b3645,True,False,False,small_neural_network,conformal_harm_recursive,559,559,selection_train+tune_crossfit,47,-1,True,True,2.0,-0.0260762008758204,0.0185692494737198,0.0567870450630973,0.1296435831317705,0.1,base,aps,,,9,288,0.9097222222222222,0.8923611111111112,1.1006944444444444,2.0,0.90625,0.8784722222222222,1.0451388888888888,1.3000000000000114,0.0034722222222222,0.0138888888888889,0.0555555555555555,0.6999999999999886,-0.0555555555555555
phase8_human_activity_recognition_seed_47,human_activity_recognition,47,4d4333e178f09e88,2fbdb52635aa2d01,e4b3645,True,False,False,small_neural_network,conformal_harm_recursive,559,559,selection_train+tune_crossfit,47,-1,True,True,2.0,-0.0260762008758204,0.0185692494737198,0.0567870450630973,0.1296435831317705,0.1,base,aps,,,18,364,0.9203296703296704,0.9313186813186812,1.074175824175824,1.0,0.9230769230769232,0.8983516483516484,1.0357142857142858,1.0,-0.0027472527472528,0.0329670329670329,0.0384615384615383,0.0,-0.0384615384615383
phase8_human_activity_recognition_seed_47,human_activity_recognition,47,4d4333e178f09e88,2fbdb52635aa2d01,e4b3645,True,False,False,small_neural_network,conformal_harm_recursive,559,559,selection_train+tune_crossfit,47,-1,True,True,2.0,-0.0260762008758204,0.0185692494737198,0.0567870450630973,0.1296435831317705,0.1,base,aps,,,22,321,0.9844236760124612,0.9439252336448598,0.9844236760124612,1.0,0.9750778816199376,0.9283489096573208,0.9750778816199376,1.0,0.0093457943925233,0.0155763239875389,0.0093457943925233,0.0,-0.0093457943925233
phase8_human_activity_recognition_seed_47,human_activity_recognition,47,4d4333e178f09e88,2fbdb52635aa2d01,e4b3645,True,False,False,small_neural_network,conformal_harm_recursive,559,559,selection_train+tune_crossfit,47,-1,True,True,2.0,-0.0260762008758204,0.0185692494737198,0.0567870450630973,0.1296435831317705,0.1,base,aps,,,25,409,0.8606356968215159,0.8557457212713936,1.097799511002445,2.0,0.8508557457212714,0.8337408312958435,1.0440097799511003,1.1999999999999886,0.0097799511002444,0.02200488997555,0.0537897310513446,0.8000000000000114,-0.0537897310513446
phase8_human_activity_recognition_seed_48,human_activity_recognition,48,f7a24aa794e0ff90,01741d9e59806cf2,e4b3645,True,False,False,logistic_regression,all_features,561,561,none,48,-1,True,True,,,,,,0.1,base,aps,,,3,341,0.9618768328445748,0.9032258064516128,0.9618768328445748,1.0,0.9618768328445748,0.9032258064516128,0.9618768328445748,1.0,0.0,0.0,0.0,0.0,-0.0
phase8_human_activity_recognition_seed_48,human_activity_recognition,48,f7a24aa794e0ff90,01741d9e59806cf2,e4b3645,True,False,False,logistic_regression,all_features,561,561,none,48,-1,True,True,,,,,,0.1,base,aps,,,5,302,0.9205298013245032,0.8774834437086093,0.9867549668874172,1.0,0.9205298013245032,0.8774834437086093,0.9867549668874172,1.0,0.0,0.0,0.0,0.0,-0.0
phase8_human_activity_recognition_seed_48,human_activity_recognition,48,f7a24aa794e0ff90,01741d9e59806cf2,e4b3645,True,False,False,logistic_regression,all_features,561,561,none,48,-1,True,True,,,,,,0.1,base,aps,,,10,294,0.8061224489795918,0.7959183673469388,1.0510204081632653,2.0,0.8061224489795918,0.7959183673469388,1.0510204081632653,2.0,0.0,0.0,0.0,0.0,-0.0
phase8_human_activity_recognition_seed_48,human_activity_recognition,48,f7a24aa794e0ff90,01741d9e59806cf2,e4b3645,True,False,False,logistic_regression,all_features,561,561,none,48,-1,True,True,,,,,,0.1,base,aps,,,26,392,0.9821428571428572,0.9183673469387756,0.971938775510204,1.0,0.9821428571428572,0.9183673469387756,0.971938775510204,1.0,0.0,0.0,0.0,0.0,-0.0
phase8_human_activity_recognition_seed_48,human_activity_recognition,48,f7a24aa794e0ff90,01741d9e59806cf2,e4b3645,True,False,False,logistic_regression,all_features,561,561,none,48,-1,True,True,,,,,,0.1,base,aps,,,28,382,0.900523560209424,0.8507853403141361,0.9633507853403142,1.0,0.900523560209424,0.8507853403141361,0.9633507853403142,1.0,0.0,0.0,0.0,0.0,-0.0
phase8_human_activity_recognition_seed_48,human_activity_recognition,48,f7a24aa794e0ff90,01741d9e59806cf2,e4b3645,True,False,False,logistic_regression,conformal_harm_one_shot,557,557,selection_train+tune_crossfit,48,-1,True,True,4.0,-0.0035391297560104,0.0039547928096703,0.0076784758463803,0.1060813499671146,0.1,base,aps,,,3,341,0.9736070381231672,0.9208211143695014,0.9736070381231672,1.0,0.9618768328445748,0.9032258064516128,0.9618768328445748,1.0,0.0117302052785923,0.0175953079178885,0.0117302052785923,0.0,-0.0117302052785923
phase8_human_activity_recognition_seed_48,human_activity_recognition,48,f7a24aa794e0ff90,01741d9e59806cf2,e4b3645,True,False,False,logistic_regression,conformal_harm_one_shot,557,557,selection_train+tune_crossfit,48,-1,True,True,4.0,-0.0035391297560104,0.0039547928096703,0.0076784758463803,0.1060813499671146,0.1,base,aps,,,5,302,0.9172185430463576,0.8841059602649006,1.0,1.0,0.9205298013245032,0.8774834437086093,0.9867549668874172,1.0,-0.0033112582781457,0.0066225165562913,0.0132450331125827,0.0,-0.0132450331125827
phase8_human_activity_recognition_seed_48,human_activity_recognition,48,f7a24aa794e0ff90,01741d9e59806cf2,e4b3645,True,False,False,logistic_regression,conformal_harm_one_shot,557,557,selection_train+tune_crossfit,48,-1,True,True,4.0,-0.0035391297560104,0.0039547928096703,0.0076784758463803,0.1060813499671146,0.1,base,aps,,,10,294,0.8061224489795918,0.8027210884353742,1.054421768707483,2.0,0.8061224489795918,0.7959183673469388,1.0510204081632653,2.0,0.0,0.0068027210884353,0.0034013605442178,0.0,-0.0034013605442178
phase8_human_activity_recognition_seed_48,human_activity_recognition,48,f7a24aa794e0ff90,01741d9e59806cf2,e4b3645,True,False,False,logistic_regression,conformal_harm_one_shot,557,557,selection_train+tune_crossfit,48,-1,True,True,4.0,-0.0035391297560104,0.0039547928096703,0.0076784758463803,0.1060813499671146,0.1,base,aps,,,26,392,0.9821428571428572,0.9209183673469388,0.971938775510204,1.0,0.9821428571428572,0.9183673469387756,0.971938775510204,1.0,0.0,0.0025510204081632,0.0,0.0,-0.0
phase8_human_activity_recognition_seed_48,human_activity_recognition,48,f7a24aa794e0ff90,01741d9e59806cf2,e4b3645,True,False,False,logistic_regression,conformal_harm_one_shot,557,557,selection_train+tune_crossfit,48,-1,True,True,4.0,-0.0035391297560104,0.0039547928096703,0.0076784758463803,0.1060813499671146,0.1,base,aps,,,28,382,0.900523560209424,0.8586387434554974,0.9790575916230366,1.0,0.900523560209424,0.8507853403141361,0.9633507853403142,1.0,0.0,0.0078534031413612,0.0157068062827224,0.0,-0.0157068062827224
phase8_human_activity_recognition_seed_48,human_activity_recognition,48,f7a24aa794e0ff90,01741d9e59806cf2,e4b3645,True,False,False,logistic_regression,conformal_harm_recursive,556,556,selection_train+tune_crossfit,48,-1,True,True,5.0,-0.0112181631651723,0.0045458093581337,0.0166583032249431,0.0958925103269928,0.1,base,aps,,,3,341,0.9794721407624634,0.9178885630498532,0.967741935483871,1.0,0.9618768328445748,0.9032258064516128,0.9618768328445748,1.0,0.0175953079178885,0.0146627565982404,0.0058651026392961,0.0,-0.0058651026392961
phase8_human_activity_recognition_seed_48,human_activity_recognition,48,f7a24aa794e0ff90,01741d9e59806cf2,e4b3645,True,False,False,logistic_regression,conformal_harm_recursive,556,556,selection_train+tune_crossfit,48,-1,True,True,5.0,-0.0112181631651723,0.0045458093581337,0.0166583032249431,0.0958925103269928,0.1,base,aps,,,5,302,0.9172185430463576,0.8874172185430463,1.0033112582781456,1.0,0.9205298013245032,0.8774834437086093,0.9867549668874172,1.0,-0.0033112582781457,0.009933774834437,0.0165562913907283,0.0,-0.0165562913907283
phase8_human_activity_recognition_seed_48,human_activity_recognition,48,f7a24aa794e0ff90,01741d9e59806cf2,e4b3645,True,False,False,logistic_regression,conformal_harm_recursive,556,556,selection_train+tune_crossfit,48,-1,True,True,5.0,-0.0112181631651723,0.0045458093581337,0.0166583032249431,0.0958925103269928,0.1,base,aps,,,10,294,0.8027210884353742,0.782312925170068,1.0272108843537415,1.0,0.8061224489795918,0.7959183673469388,1.0510204081632653,2.0,-0.0034013605442176,-0.0136054421768707,-0.0238095238095237,-1.0,0.0238095238095237
phase8_human_activity_recognition_seed_48,human_activity_recognition,48,f7a24aa794e0ff90,01741d9e59806cf2,e4b3645,True,False,False,logistic_regression,conformal_harm_recursive,556,556,selection_train+tune_crossfit,48,-1,True,True,5.0,-0.0112181631651723,0.0045458093581337,0.0166583032249431,0.0958925103269928,0.1,base,aps,,,26,392,0.9821428571428572,0.9183673469387756,0.9770408163265306,1.0,0.9821428571428572,0.9183673469387756,0.971938775510204,1.0,0.0,0.0,0.0051020408163264,0.0,-0.0051020408163264
phase8_human_activity_recognition_seed_48,human_activity_recognition,48,f7a24aa794e0ff90,01741d9e59806cf2,e4b3645,True,False,False,logistic_regression,conformal_harm_recursive,556,556,selection_train+tune_crossfit,48,-1,True,True,5.0,-0.0112181631651723,0.0045458093581337,0.0166583032249431,0.0958925103269928,0.1,base,aps,,,28,382,0.900523560209424,0.8534031413612565,0.9842931937172776,1.0,0.900523560209424,0.8507853403141361,0.9633507853403142,1.0,0.0,0.0026178010471203,0.0209424083769633,0.0,-0.0209424083769633
phase8_human_activity_recognition_seed_48,human_activity_recognition,48,f7a24aa794e0ff90,01741d9e59806cf2,e4b3645,True,False,False,small_neural_network,all_features,561,561,none,48,-1,True,True,,,,,,0.1,base,aps,,,3,341,0.9736070381231672,0.935483870967742,0.997067448680352,1.0,0.9736070381231672,0.935483870967742,0.997067448680352,1.0,0.0,0.0,0.0,0.0,-0.0
phase8_human_activity_recognition_seed_48,human_activity_recognition,48,f7a24aa794e0ff90,01741d9e59806cf2,e4b3645,True,False,False,small_neural_network,all_features,561,561,none,48,-1,True,True,,,,,,0.1,base,aps,,,5,302,0.9370860927152318,0.9172185430463576,1.0397350993377483,1.0,0.9370860927152318,0.9172185430463576,1.0397350993377483,1.0,0.0,0.0,0.0,0.0,-0.0
phase8_human_activity_recognition_seed_48,human_activity_recognition,48,f7a24aa794e0ff90,01741d9e59806cf2,e4b3645,True,False,False,small_neural_network,all_features,561,561,none,48,-1,True,True,,,,,,0.1,base,aps,,,10,294,0.8061224489795918,0.826530612244898,1.098639455782313,2.0,0.8061224489795918,0.826530612244898,1.098639455782313,2.0,0.0,0.0,0.0,0.0,-0.0
phase8_human_activity_recognition_seed_48,human_activity_recognition,48,f7a24aa794e0ff90,01741d9e59806cf2,e4b3645,True,False,False,small_neural_network,all_features,561,561,none,48,-1,True,True,,,,,,0.1,base,aps,,,26,392,0.9821428571428572,0.9387755102040816,1.0076530612244898,1.0,0.9821428571428572,0.9387755102040816,1.0076530612244898,1.0,0.0,0.0,0.0,0.0,-0.0
phase8_human_activity_recognition_seed_48,human_activity_recognition,48,f7a24aa794e0ff90,01741d9e59806cf2,e4b3645,True,False,False,small_neural_network,all_features,561,561,none,48,-1,True,True,,,,,,0.1,base,aps,,,28,382,0.8534031413612565,0.8403141361256544,1.0157068062827226,1.0,0.8534031413612565,0.8403141361256544,1.0157068062827226,1.0,0.0,0.0,0.0,0.0,-0.0
phase8_human_activity_recognition_seed_48,human_activity_recognition,48,f7a24aa794e0ff90,01741d9e59806cf2,e4b3645,True,False,False,small_neural_network,conformal_harm_one_shot,560,560,selection_train+tune_crossfit,48,-1,True,True,1.0,-0.012401590169053,0.0075022860074044,0.0216217271064722,0.1354824368881703,0.1,base,aps,,,3,341,0.9765395894428152,0.9325513196480938,0.9853372434017597,1.0,0.9736070381231672,0.935483870967742,0.997067448680352,1.0,0.002932551319648,-0.002932551319648,-0.0117302052785923,0.0,0.0117302052785923
phase8_human_activity_recognition_seed_48,human_activity_recognition,48,f7a24aa794e0ff90,01741d9e59806cf2,e4b3645,True,False,False,small_neural_network,conformal_harm_one_shot,560,560,selection_train+tune_crossfit,48,-1,True,True,1.0,-0.012401590169053,0.0075022860074044,0.0216217271064722,0.1354824368881703,0.1,base,aps,,,5,302,0.9238410596026492,0.9105960264900662,1.02317880794702,1.0,0.9370860927152318,0.9172185430463576,1.0397350993377483,1.0,-0.0132450331125827,-0.0066225165562914,-0.0165562913907284,0.0,0.0165562913907284
phase8_human_activity_recognition_seed_48,human_activity_recognition,48,f7a24aa794e0ff90,01741d9e59806cf2,e4b3645,True,False,False,small_neural_network,conformal_harm_one_shot,560,560,selection_train+tune_crossfit,48,-1,True,True,1.0,-0.012401590169053,0.0075022860074044,0.0216217271064722,0.1354824368881703,0.1,base,aps,,,10,294,0.7959183673469388,0.8163265306122449,1.098639455782313,2.0,0.8061224489795918,0.826530612244898,1.098639455782313,2.0,-0.010204081632653,-0.010204081632653,0.0,0.0,-0.0
phase8_human_activity_recognition_seed_48,human_activity_recognition,48,f7a24aa794e0ff90,01741d9e59806cf2,e4b3645,True,False,False,small_neural_network,conformal_harm_one_shot,560,560,selection_train+tune_crossfit,48,-1,True,True,1.0,-0.012401590169053,0.0075022860074044,0.0216217271064722,0.1354824368881703,0.1,base,aps,,,26,392,0.9617346938775512,0.9285714285714286,0.9948979591836736,1.0,0.9821428571428572,0.9387755102040816,1.0076530612244898,1.0,-0.020408163265306,-0.010204081632653,-0.0127551020408163,0.0,0.0127551020408163
phase8_human_activity_recognition_seed_48,human_activity_recognition,48,f7a24aa794e0ff90,01741d9e59806cf2,e4b3645,True,False,False,small_neural_network,conformal_harm_one_shot,560,560,selection_train+tune_crossfit,48,-1,True,True,1.0,-0.012401590169053,0.0075022860074044,0.0216217271064722,0.1354824368881703,0.1,base,aps,,,28,382,0.8455497382198953,0.8350785340314136,1.0104712041884816,1.0,0.8534031413612565,0.8403141361256544,1.0157068062827226,1.0,-0.0078534031413611,-0.0052356020942407,-0.005235602094241,0.0,0.005235602094241
phase8_human_activity_recognition_seed_48,human_activity_recognition,48,f7a24aa794e0ff90,01741d9e59806cf2,e4b3645,True,False,False,small_neural_network,conformal_harm_recursive,560,560,selection_train+tune_crossfit,48,-1,True,True,1.0,-0.012401590169053,0.0075022860074044,0.0216217271064722,0.1354824368881703,0.1,base,aps,,,3,341,0.9765395894428152,0.9325513196480938,0.9853372434017597,1.0,0.9736070381231672,0.935483870967742,0.997067448680352,1.0,0.002932551319648,-0.002932551319648,-0.0117302052785923,0.0,0.0117302052785923
phase8_human_activity_recognition_seed_48,human_activity_recognition,48,f7a24aa794e0ff90,01741d9e59806cf2,e4b3645,True,False,False,small_neural_network,conformal_harm_recursive,560,560,selection_train+tune_crossfit,48,-1,True,True,1.0,-0.012401590169053,0.0075022860074044,0.0216217271064722,0.1354824368881703,0.1,base,aps,,,5,302,0.9238410596026492,0.9105960264900662,1.02317880794702,1.0,0.9370860927152318,0.9172185430463576,1.0397350993377483,1.0,-0.0132450331125827,-0.0066225165562914,-0.0165562913907284,0.0,0.0165562913907284
phase8_human_activity_recognition_seed_48,human_activity_recognition,48,f7a24aa794e0ff90,01741d9e59806cf2,e4b3645,True,False,False,small_neural_network,conformal_harm_recursive,560,560,selection_train+tune_crossfit,48,-1,True,True,1.0,-0.012401590169053,0.0075022860074044,0.0216217271064722,0.1354824368881703,0.1,base,aps,,,10,294,0.7959183673469388,0.8163265306122449,1.098639455782313,2.0,0.8061224489795918,0.826530612244898,1.098639455782313,2.0,-0.010204081632653,-0.010204081632653,0.0,0.0,-0.0
phase8_human_activity_recognition_seed_48,human_activity_recognition,48,f7a24aa794e0ff90,01741d9e59806cf2,e4b3645,True,False,False,small_neural_network,conformal_harm_recursive,560,560,selection_train+tune_crossfit,48,-1,True,True,1.0,-0.012401590169053,0.0075022860074044,0.0216217271064722,0.1354824368881703,0.1,base,aps,,,26,392,0.9617346938775512,0.9285714285714286,0.9948979591836736,1.0,0.9821428571428572,0.9387755102040816,1.0076530612244898,1.0,-0.020408163265306,-0.010204081632653,-0.0127551020408163,0.0,0.0127551020408163
phase8_human_activity_recognition_seed_48,human_activity_recognition,48,f7a24aa794e0ff90,01741d9e59806cf2,e4b3645,True,False,False,small_neural_network,conformal_harm_recursive,560,560,selection_train+tune_crossfit,48,-1,True,True,1.0,-0.012401590169053,0.0075022860074044,0.0216217271064722,0.1354824368881703,0.1,base,aps,,,28,382,0.8455497382198953,0.8350785340314136,1.0104712041884816,1.0,0.8534031413612565,0.8403141361256544,1.0157068062827226,1.0,-0.0078534031413611,-0.0052356020942407,-0.005235602094241,0.0,0.005235602094241
phase8_human_activity_recognition_seed_49,human_activity_recognition,49,121a13eef4d92008,ab266e63de6e0a3a,e4b3645,True,False,False,logistic_regression,all_features,561,561,none,49,-1,True,True,,,,,,0.1,base,aps,,,4,317,0.9842271293375394,0.9211356466876972,0.9621451104100948,1.0,0.9842271293375394,0.9211356466876972,0.9621451104100948,1.0,0.0,0.0,0.0,0.0,-0.0
phase8_human_activity_recognition_seed_49,human_activity_recognition,49,121a13eef4d92008,ab266e63de6e0a3a,e4b3645,True,False,False,logistic_regression,all_features,561,561,none,49,-1,True,True,,,,,,0.1,base,aps,,,8,281,0.9359430604982206,0.8683274021352313,1.00355871886121,1.0,0.9359430604982206,0.8683274021352313,1.00355871886121,1.0,0.0,0.0,0.0,0.0,-0.0
phase8_human_activity_recognition_seed_49,human_activity_recognition,49,121a13eef4d92008,ab266e63de6e0a3a,e4b3645,True,False,False,logistic_regression,all_features,561,561,none,49,-1,True,True,,,,,,0.1,base,aps,,,16,366,0.8770491803278688,0.8524590163934426,1.0546448087431697,2.0,0.8770491803278688,0.8524590163934426,1.0546448087431697,2.0,0.0,0.0,0.0,0.0,-0.0
phase8_human_activity_recognition_seed_49,human_activity_recognition,49,121a13eef4d92008,ab266e63de6e0a3a,e4b3645,True,False,False,logistic_regression,all_features,561,561,none,49,-1,True,True,,,,,,0.1,base,aps,,,29,344,0.9709302325581396,0.9186046511627908,0.9651162790697676,1.0,0.9709302325581396,0.9186046511627908,0.9651162790697676,1.0,0.0,0.0,0.0,0.0,-0.0
phase8_human_activity_recognition_seed_49,human_activity_recognition,49,121a13eef4d92008,ab266e63de6e0a3a,e4b3645,True,False,False,logistic_regression,all_features,561,561,none,49,-1,True,True,,,,,,0.1,base,aps,,,30,383,0.9869451697127938,0.9268929503916448,0.9503916449086162,1.0,0.9869451697127938,0.9268929503916448,0.9503916449086162,1.0,0.0,0.0,0.0,0.0,-0.0
phase8_human_activity_recognition_seed_49,human_activity_recognition,49,121a13eef4d92008,ab266e63de6e0a3a,e4b3645,True,False,False,logistic_regression,conformal_harm_one_shot,556,556,selection_train+tune_crossfit,49,-1,True,True,5.0,-0.0117205968048729,0.0019821112467152,0.0171185583446031,0.0639345179897945,0.1,base,aps,,,4,317,0.9873817034700316,0.9242902208201892,0.9684542586750788,1.0,0.9842271293375394,0.9211356466876972,0.9621451104100948,1.0,0.003154574132492,0.003154574132492,0.0063091482649841,0.0,-0.0063091482649841
phase8_human_activity_recognition_seed_49,human_activity_recognition,49,121a13eef4d92008,ab266e63de6e0a3a,e4b3645,True,False,False,logistic_regression,conformal_harm_one_shot,556,556,selection_train+tune_crossfit,49,-1,True,True,5.0,-0.0117205968048729,0.0019821112467152,0.0171185583446031,0.0639345179897945,0.1,base,aps,,,8,281,0.9359430604982206,0.8825622775800712,1.00711743772242,1.0,0.9359430604982206,0.8683274021352313,1.00355871886121,1.0,0.0,0.0142348754448399,0.0035587188612098,0.0,-0.0035587188612098
phase8_human_activity_recognition_seed_49,human_activity_recognition,49,121a13eef4d92008,ab266e63de6e0a3a,e4b3645,True,False,False,logistic_regression,conformal_harm_one_shot,556,556,selection_train+tune_crossfit,49,-1,True,True,5.0,-0.0117205968048729,0.0019821112467152,0.0171185583446031,0.0639345179897945,0.1,base,aps,,,16,366,0.8743169398907104,0.8442622950819673,1.0601092896174864,2.0,0.8770491803278688,0.8524590163934426,1.0546448087431697,2.0,-0.0027322404371584,-0.0081967213114753,0.0054644808743169,0.0,-0.0054644808743169
phase8_human_activity_recognition_seed_49,human_activity_recognition,49,121a13eef4d92008,ab266e63de6e0a3a,e4b3645,True,False,False,logistic_regression,conformal_harm_one_shot,556,556,selection_train+tune_crossfit,49,-1,True,True,5.0,-0.0117205968048729,0.0019821112467152,0.0171185583446031,0.0639345179897945,0.1,base,aps,,,29,344,0.9796511627906976,0.9186046511627908,0.9563953488372092,1.0,0.9709302325581396,0.9186046511627908,0.9651162790697676,1.0,0.0087209302325581,0.0,-0.0087209302325581,0.0,0.0087209302325581
phase8_human_activity_recognition_seed_49,human_activity_recognition,49,121a13eef4d92008,ab266e63de6e0a3a,e4b3645,True,False,False,logistic_regression,conformal_harm_one_shot,556,556,selection_train+tune_crossfit,49,-1,True,True,5.0,-0.0117205968048729,0.0019821112467152,0.0171185583446031,0.0639345179897945,0.1,base,aps,,,30,383,0.9869451697127938,0.9321148825065274,0.95822454308094,1.0,0.9869451697127938,0.9268929503916448,0.9503916449086162,1.0,0.0,0.0052219321148825,0.0078328981723237,0.0,-0.0078328981723237
phase8_human_activity_recognition_seed_49,human_activity_recognition,49,121a13eef4d92008,ab266e63de6e0a3a,e4b3645,True,False,False,logistic_regression,conformal_harm_recursive,556,556,selection_train+tune_crossfit,49,-1,True,True,5.0,-0.015238974832602,0.0031516970676518,0.020049807038955,0.0656510414223333,0.1,base,aps,,,4,317,0.9842271293375394,0.9274447949526814,0.9684542586750788,1.0,0.9842271293375394,0.9211356466876972,0.9621451104100948,1.0,0.0,0.0063091482649841,0.0063091482649841,0.0,-0.0063091482649841
phase8_human_activity_recognition_seed_49,human_activity_recognition,49,121a13eef4d92008,ab266e63de6e0a3a,e4b3645,True,False,False,logistic_regression,conformal_harm_recursive,556,556,selection_train+tune_crossfit,49,-1,True,True,5.0,-0.015238974832602,0.0031516970676518,0.020049807038955,0.0656510414223333,0.1,base,aps,,,8,281,0.9359430604982206,0.8790035587188612,1.01067615658363,1.0,0.9359430604982206,0.8683274021352313,1.00355871886121,1.0,0.0,0.0106761565836298,0.0071174377224199,0.0,-0.0071174377224199
phase8_human_activity_recognition_seed_49,human_activity_recognition,49,121a13eef4d92008,ab266e63de6e0a3a,e4b3645,True,False,False,logistic_regression,conformal_harm_recursive,556,556,selection_train+tune_crossfit,49,-1,True,True,5.0,-0.015238974832602,0.0031516970676518,0.020049807038955,0.0656510414223333,0.1,base,aps,,,16,366,0.8770491803278688,0.8442622950819673,1.03551912568306,1.0,0.8770491803278688,0.8524590163934426,1.0546448087431697,2.0,0.0,-0.0081967213114753,-0.0191256830601094,-1.0,0.0191256830601094
phase8_human_activity_recognition_seed_49,human_activity_recognition,49,121a13eef4d92008,ab266e63de6e0a3a,e4b3645,True,False,False,logistic_regression,conformal_harm_recursive,556,556,selection_train+tune_crossfit,49,-1,True,True,5.0,-0.015238974832602,0.0031516970676518,0.020049807038955,0.0656510414223333,0.1,base,aps,,,29,344,0.9796511627906976,0.9186046511627908,0.9563953488372092,1.0,0.9709302325581396,0.9186046511627908,0.9651162790697676,1.0,0.0087209302325581,0.0,-0.0087209302325581,0.0,0.0087209302325581
phase8_human_activity_recognition_seed_49,human_activity_recognition,49,121a13eef4d92008,ab266e63de6e0a3a,e4b3645,True,False,False,logistic_regression,conformal_harm_recursive,556,556,selection_train+tune_crossfit,49,-1,True,True,5.0,-0.015238974832602,0.0031516970676518,0.020049807038955,0.0656510414223333,0.1,base,aps,,,30,383,0.9921671018276762,0.9321148825065274,0.95822454308094,1.0,0.9869451697127938,0.9268929503916448,0.9503916449086162,1.0,0.0052219321148824,0.0052219321148825,0.0078328981723237,0.0,-0.0078328981723237
phase8_human_activity_recognition_seed_49,human_activity_recognition,49,121a13eef4d92008,ab266e63de6e0a3a,e4b3645,True,False,False,small_neural_network,all_features,561,561,none,49,-1,True,True,,,,,,0.1,base,aps,,,4,317,0.9684542586750788,0.9211356466876972,1.003154574132492,1.0,0.9684542586750788,0.9211356466876972,1.003154574132492,1.0,0.0,0.0,0.0,0.0,-0.0
phase8_human_activity_recognition_seed_49,human_activity_recognition,49,121a13eef4d92008,ab266e63de6e0a3a,e4b3645,True,False,False,small_neural_network,all_features,561,561,none,49,-1,True,True,,,,,,0.1,base,aps,,,8,281,0.8896797153024911,0.8683274021352313,1.0320284697508897,2.0,0.8896797153024911,0.8683274021352313,1.0320284697508897,2.0,0.0,0.0,0.0,0.0,-0.0
phase8_human_activity_recognition_seed_49,human_activity_recognition,49,121a13eef4d92008,ab266e63de6e0a3a,e4b3645,True,False,False,small_neural_network,all_features,561,561,none,49,-1,True,True,,,,,,0.1,base,aps,,,16,366,0.8688524590163934,0.8387978142076503,1.0792349726775956,2.0,0.8688524590163934,0.8387978142076503,1.0792349726775956,2.0,0.0,0.0,0.0,0.0,-0.0
phase8_human_activity_recognition_seed_49,human_activity_recognition,49,121a13eef4d92008,ab266e63de6e0a3a,e4b3645,True,False,False,small_neural_network,all_features,561,561,none,49,-1,True,True,,,,,,0.1,base,aps,,,29,344,0.9534883720930232,0.9040697674418604,0.9796511627906976,1.0,0.9534883720930232,0.9040697674418604,0.9796511627906976,1.0,0.0,0.0,0.0,0.0,-0.0
phase8_human_activity_recognition_seed_49,human_activity_recognition,49,121a13eef4d92008,ab266e63de6e0a3a,e4b3645,True,False,False,small_neural_network,all_features,561,561,none,49,-1,True,True,,,,,,0.1,base,aps,,,30,383,0.9817232375979112,0.9216710182767625,0.9556135770234988,1.0,0.9817232375979112,0.9216710182767625,0.9556135770234988,1.0,0.0,0.0,0.0,0.0,-0.0
phase8_human_activity_recognition_seed_49,human_activity_recognition,49,121a13eef4d92008,ab266e63de6e0a3a,e4b3645,True,False,False,small_neural_network,conformal_harm_one_shot,559,559,selection_train+tune_crossfit,49,-1,True,True,2.0,-0.0175808952073094,0.0096263372585237,0.0434948488746687,0.0678679473262147,0.1,base,aps,,,4,317,0.9652996845425869,0.9116719242902208,0.9810725552050472,1.0,0.9684542586750788,0.9211356466876972,1.003154574132492,1.0,-0.003154574132492,-0.0094637223974763,-0.0220820189274447,0.0,0.0220820189274447
phase8_human_activity_recognition_seed_49,human_activity_recognition,49,121a13eef4d92008,ab266e63de6e0a3a,e4b3645,True,False,False,small_neural_network,conformal_harm_one_shot,559,559,selection_train+tune_crossfit,49,-1,True,True,2.0,-0.0175808952073094,0.0096263372585237,0.0434948488746687,0.0678679473262147,0.1,base,aps,,,8,281,0.9110320284697508,0.8683274021352313,1.01067615658363,1.0,0.8896797153024911,0.8683274021352313,1.0320284697508897,2.0,0.0213523131672597,0.0,-0.0213523131672597,-1.0,0.0213523131672597
phase8_human_activity_recognition_seed_49,human_activity_recognition,49,121a13eef4d92008,ab266e63de6e0a3a,e4b3645,True,False,False,small_neural_network,conformal_harm_one_shot,559,559,selection_train+tune_crossfit,49,-1,True,True,2.0,-0.0175808952073094,0.0096263372585237,0.0434948488746687,0.0678679473262147,0.1,base,aps,,,16,366,0.8743169398907104,0.8469945355191257,1.030054644808743,1.0,0.8688524590163934,0.8387978142076503,1.0792349726775956,2.0,0.0054644808743169,0.0081967213114754,-0.0491803278688525,-1.0,0.0491803278688525
phase8_human_activity_recognition_seed_49,human_activity_recognition,49,121a13eef4d92008,ab266e63de6e0a3a,e4b3645,True,False,False,small_neural_network,conformal_harm_one_shot,559,559,selection_train+tune_crossfit,49,-1,True,True,2.0,-0.0175808952073094,0.0096263372585237,0.0434948488746687,0.0678679473262147,0.1,base,aps,,,29,344,0.9854651162790696,0.9127906976744186,0.9505813953488372,1.0,0.9534883720930232,0.9040697674418604,0.9796511627906976,1.0,0.0319767441860464,0.008720930232558,-0.0290697674418604,0.0,0.0290697674418604
phase8_human_activity_recognition_seed_49,human_activity_recognition,49,121a13eef4d92008,ab266e63de6e0a3a,e4b3645,True,False,False,small_neural_network,conformal_harm_one_shot,559,559,selection_train+tune_crossfit,49,-1,True,True,2.0,-0.0175808952073094,0.0096263372585237,0.0434948488746687,0.0678679473262147,0.1,base,aps,,,30,383,0.9765013054830288,0.9216710182767625,0.9556135770234988,1.0,0.9817232375979112,0.9216710182767625,0.9556135770234988,1.0,-0.0052219321148825,0.0,0.0,0.0,-0.0
phase8_human_activity_recognition_seed_49,human_activity_recognition,49,121a13eef4d92008,ab266e63de6e0a3a,e4b3645,True,False,False,small_neural_network,conformal_harm_recursive,557,557,selection_train+tune_crossfit,49,-1,True,True,4.0,-0.019340084221174,0.0060859693681213,0.0459610119734801,0.0691317472598888,0.1,base,aps,,,4,317,0.9747634069400632,0.9211356466876972,0.9716088328075708,1.0,0.9684542586750788,0.9211356466876972,1.003154574132492,1.0,0.0063091482649842,0.0,-0.0315457413249211,0.0,0.0315457413249211
phase8_human_activity_recognition_seed_49,human_activity_recognition,49,121a13eef4d92008,ab266e63de6e0a3a,e4b3645,True,False,False,small_neural_network,conformal_harm_recursive,557,557,selection_train+tune_crossfit,49,-1,True,True,4.0,-0.019340084221174,0.0060859693681213,0.0459610119734801,0.0691317472598888,0.1,base,aps,,,8,281,0.9145907473309608,0.8612099644128114,0.99288256227758,1.0,0.8896797153024911,0.8683274021352313,1.0320284697508897,2.0,0.0249110320284697,-0.0071174377224199,-0.0391459074733095,-1.0,0.0391459074733095
phase8_human_activity_recognition_seed_49,human_activity_recognition,49,121a13eef4d92008,ab266e63de6e0a3a,e4b3645,True,False,False,small_neural_network,conformal_harm_recursive,557,557,selection_train+tune_crossfit,49,-1,True,True,4.0,-0.019340084221174,0.0060859693681213,0.0459610119734801,0.0691317472598888,0.1,base,aps,,,16,366,0.8770491803278688,0.8387978142076503,1.0491803278688523,2.0,0.8688524590163934,0.8387978142076503,1.0792349726775956,2.0,0.0081967213114754,0.0,-0.030054644808743,0.0,0.030054644808743
phase8_human_activity_recognition_seed_49,human_activity_recognition,49,121a13eef4d92008,ab266e63de6e0a3a,e4b3645,True,False,False,small_neural_network,conformal_harm_recursive,557,557,selection_train+tune_crossfit,49,-1,True,True,4.0,-0.019340084221174,0.0060859693681213,0.0459610119734801,0.0691317472598888,0.1,base,aps,,,29,344,0.9767441860465116,0.9186046511627908,0.9593023255813954,1.0,0.9534883720930232,0.9040697674418604,0.9796511627906976,1.0,0.0232558139534883,0.0145348837209301,-0.0203488372093022,0.0,0.0203488372093022
phase8_human_activity_recognition_seed_49,human_activity_recognition,49,121a13eef4d92008,ab266e63de6e0a3a,e4b3645,True,False,False,small_neural_network,conformal_harm_recursive,557,557,selection_train+tune_crossfit,49,-1,True,True,4.0,-0.019340084221174,0.0060859693681213,0.0459610119734801,0.0691317472598888,0.1,base,aps,,,30,383,0.9869451697127938,0.9321148825065274,0.9634464751958224,1.0,0.9817232375979112,0.9216710182767625,0.9556135770234988,1.0,0.0052219321148825,0.0104438642297649,0.0078328981723237,0.0,-0.0078328981723237
phase8_human_activity_recognition_seed_50,human_activity_recognition,50,ddc855c222de0e5e,abcdc2908931c2fc,e4b3645,True,False,False,logistic_regression,all_features,561,561,none,50,-1,True,True,,,,,,0.1,base,aps,,,14,323,0.739938080495356,0.7306501547987616,1.0185758513931888,1.0,0.739938080495356,0.7306501547987616,1.0185758513931888,1.0,0.0,0.0,0.0,0.0,-0.0
phase8_human_activity_recognition_seed_50,human_activity_recognition,50,ddc855c222de0e5e,abcdc2908931c2fc,e4b3645,True,False,False,logistic_regression,all_features,561,561,none,50,-1,True,True,,,,,,0.1,base,aps,,,15,328,0.9878048780487804,0.9573170731707316,1.0,1.0,0.9878048780487804,0.9573170731707316,1.0,1.0,0.0,0.0,0.0,0.0,-0.0
phase8_human_activity_recognition_seed_50,human_activity_recognition,50,ddc855c222de0e5e,abcdc2908931c2fc,e4b3645,True,False,False,logistic_regression,all_features,561,561,none,50,-1,True,True,,,,,,0.1,base,aps,,,20,354,0.9180790960451978,0.884180790960452,1.03954802259887,1.6999999999999886,0.9180790960451978,0.884180790960452,1.03954802259887,1.6999999999999886,0.0,0.0,0.0,0.0,-0.0
phase8_human_activity_recognition_seed_50,human_activity_recognition,50,ddc855c222de0e5e,abcdc2908931c2fc,e4b3645,True,False,False,logistic_regression,all_features,561,561,none,50,-1,True,True,,,,,,0.1,base,aps,,,23,372,0.9650537634408602,0.9381720430107529,1.010752688172043,1.0,0.9650537634408602,0.9381720430107529,1.010752688172043,1.0,0.0,0.0,0.0,0.0,-0.0
phase8_human_activity_recognition_seed_50,human_activity_recognition,50,ddc855c222de0e5e,abcdc2908931c2fc,e4b3645,True,False,False,logistic_regression,all_features,561,561,none,50,-1,True,True,,,,,,0.1,base,aps,,,25,409,0.902200488997555,0.8973105134474327,1.058679706601467,2.0,0.902200488997555,0.8973105134474327,1.058679706601467,2.0,0.0,0.0,0.0,0.0,-0.0
phase8_human_activity_recognition_seed_50,human_activity_recognition,50,ddc855c222de0e5e,abcdc2908931c2fc,e4b3645,True,False,False,logistic_regression,conformal_harm_one_shot,556,556,selection_train+tune_crossfit,50,-1,True,True,5.0,-0.001207729468599,0.0032608695652174,0.003623188405797,0.0809055658705863,0.1,base,aps,,,14,323,0.739938080495356,0.7306501547987616,1.0092879256965943,1.0,0.739938080495356,0.7306501547987616,1.0185758513931888,1.0,0.0,0.0,-0.0092879256965943,0.0,0.0092879256965943
phase8_human_activity_recognition_seed_50,human_activity_recognition,50,ddc855c222de0e5e,abcdc2908931c2fc,e4b3645,True,False,False,logistic_regression,conformal_harm_one_shot,556,556,selection_train+tune_crossfit,50,-1,True,True,5.0,-0.001207729468599,0.0032608695652174,0.003623188405797,0.0809055658705863,0.1,base,aps,,,15,328,0.9908536585365854,0.9573170731707316,0.9969512195121952,1.0,0.9878048780487804,0.9573170731707316,1.0,1.0,0.0030487804878048,0.0,-0.0030487804878048,0.0,0.0030487804878048
phase8_human_activity_recognition_seed_50,human_activity_recognition,50,ddc855c222de0e5e,abcdc2908931c2fc,e4b3645,True,False,False,logistic_regression,conformal_harm_one_shot,556,556,selection_train+tune_crossfit,50,-1,True,True,5.0,-0.001207729468599,0.0032608695652174,0.003623188405797,0.0809055658705863,0.1,base,aps,,,20,354,0.9265536723163842,0.8898305084745762,1.036723163841808,1.0,0.9180790960451978,0.884180790960452,1.03954802259887,1.6999999999999886,0.0084745762711864,0.0056497175141242,-0.002824858757062,-0.6999999999999886,0.002824858757062
phase8_human_activity_recognition_seed_50,human_activity_recognition,50,ddc855c222de0e5e,abcdc2908931c2fc,e4b3645,True,False,False,logistic_regression,conformal_harm_one_shot,556,556,selection_train+tune_crossfit,50,-1,True,True,5.0,-0.001207729468599,0.0032608695652174,0.003623188405797,0.0809055658705863,0.1,base,aps,,,23,372,0.9704301075268816,0.9381720430107529,1.0134408602150538,1.0,0.9650537634408602,0.9381720430107529,1.010752688172043,1.0,0.0053763440860215,0.0,0.0026881720430107,0.0,-0.0026881720430107
phase8_human_activity_recognition_seed_50,human_activity_recognition,50,ddc855c222de0e5e,abcdc2908931c2fc,e4b3645,True,False,False,logistic_regression,conformal_harm_one_shot,556,556,selection_train+tune_crossfit,50,-1,True,True,5.0,-0.001207729468599,0.0032608695652174,0.003623188405797,0.0809055658705863,0.1,base,aps,,,25,409,0.9119804400977995,0.8997555012224939,1.0415647921760391,1.0,0.902200488997555,0.8973105134474327,1.058679706601467,2.0,0.0097799511002445,0.0024449877750611,-0.0171149144254278,-1.0,0.0171149144254278
phase8_human_activity_recognition_seed_50,human_activity_recognition,50,ddc855c222de0e5e,abcdc2908931c2fc,e4b3645,True,False,False,logistic_regression,conformal_harm_recursive,556,556,selection_train+tune_crossfit,50,-1,True,True,5.0,-0.0018115942028985,0.0038647342995169,0.004951690821256,0.0789511375071612,0.1,base,aps,,,14,323,0.739938080495356,0.7306501547987616,1.021671826625387,1.0,0.739938080495356,0.7306501547987616,1.0185758513931888,1.0,0.0,0.0,0.0030959752321981,0.0,-0.0030959752321981
phase8_human_activity_recognition_seed_50,human_activity_recognition,50,ddc855c222de0e5e,abcdc2908931c2fc,e4b3645,True,False,False,logistic_regression,conformal_harm_recursive,556,556,selection_train+tune_crossfit,50,-1,True,True,5.0,-0.0018115942028985,0.0038647342995169,0.004951690821256,0.0789511375071612,0.1,base,aps,,,15,328,0.9908536585365854,0.9573170731707316,0.9908536585365854,1.0,0.9878048780487804,0.9573170731707316,1.0,1.0,0.0030487804878048,0.0,-0.0091463414634146,0.0,0.0091463414634146
phase8_human_activity_recognition_seed_50,human_activity_recognition,50,ddc855c222de0e5e,abcdc2908931c2fc,e4b3645,True,False,False,logistic_regression,conformal_harm_recursive,556,556,selection_train+tune_crossfit,50,-1,True,True,5.0,-0.0018115942028985,0.0038647342995169,0.004951690821256,0.0789511375071612,0.1,base,aps,,,20,354,0.9293785310734464,0.884180790960452,1.0310734463276836,1.0,0.9180790960451978,0.884180790960452,1.03954802259887,1.6999999999999886,0.0112994350282485,0.0,-0.0084745762711864,-0.6999999999999886,0.0084745762711864
phase8_human_activity_recognition_seed_50,human_activity_recognition,50,ddc855c222de0e5e,abcdc2908931c2fc,e4b3645,True,False,False,logistic_regression,conformal_harm_recursive,556,556,selection_train+tune_crossfit,50,-1,True,True,5.0,-0.0018115942028985,0.0038647342995169,0.004951690821256,0.0789511375071612,0.1,base,aps,,,23,372,0.9623655913978496,0.935483870967742,1.0053763440860215,1.0,0.9650537634408602,0.9381720430107529,1.010752688172043,1.0,-0.0026881720430107,-0.0026881720430108,-0.0053763440860215,0.0,0.0053763440860215
phase8_human_activity_recognition_seed_50,human_activity_recognition,50,ddc855c222de0e5e,abcdc2908931c2fc,e4b3645,True,False,False,logistic_regression,conformal_harm_recursive,556,556,selection_train+tune_crossfit,50,-1,True,True,5.0,-0.0018115942028985,0.0038647342995169,0.004951690821256,0.0789511375071612,0.1,base,aps,,,25,409,0.902200488997555,0.8924205378973105,1.0513447432762837,2.0,0.902200488997555,0.8973105134474327,1.058679706601467,2.0,0.0,-0.0048899755501222,-0.0073349633251833,0.0,0.0073349633251833
phase8_human_activity_recognition_seed_50,human_activity_recognition,50,ddc855c222de0e5e,abcdc2908931c2fc,e4b3645,True,False,False,small_neural_network,all_features,561,561,none,50,-1,True,True,,,,,,0.1,base,aps,,,14,323,0.7027863777089783,0.7027863777089783,1.0247678018575852,1.0,0.7027863777089783,0.7027863777089783,1.0247678018575852,1.0,0.0,0.0,0.0,0.0,-0.0
phase8_human_activity_recognition_seed_50,human_activity_recognition,50,ddc855c222de0e5e,abcdc2908931c2fc,e4b3645,True,False,False,small_neural_network,all_features,561,561,none,50,-1,True,True,,,,,,0.1,base,aps,,,15,328,0.9847560975609756,0.9664634146341464,1.021341463414634,1.0,0.9847560975609756,0.9664634146341464,1.021341463414634,1.0,0.0,0.0,0.0,0.0,-0.0
phase8_human_activity_recognition_seed_50,human_activity_recognition,50,ddc855c222de0e5e,abcdc2908931c2fc,e4b3645,True,False,False,small_neural_network,all_features,561,561,none,50,-1,True,True,,,,,,0.1,base,aps,,,20,354,0.9350282485875706,0.9209039548022598,1.0254237288135593,1.0,0.9350282485875706,0.9209039548022598,1.0254237288135593,1.0,0.0,0.0,0.0,0.0,-0.0
phase8_human_activity_recognition_seed_50,human_activity_recognition,50,ddc855c222de0e5e,abcdc2908931c2fc,e4b3645,True,False,False,small_neural_network,all_features,561,561,none,50,-1,True,True,,,,,,0.1,base,aps,,,23,372,0.9650537634408602,0.946236559139785,1.0080645161290325,1.0,0.9650537634408602,0.946236559139785,1.0080645161290325,1.0,0.0,0.0,0.0,0.0,-0.0
phase8_human_activity_recognition_seed_50,human_activity_recognition,50,ddc855c222de0e5e,abcdc2908931c2fc,e4b3645,True,False,False,small_neural_network,all_features,561,561,none,50,-1,True,True,,,,,,0.1,base,aps,,,25,409,0.8973105134474327,0.9070904645476772,1.080684596577017,2.0,0.8973105134474327,0.9070904645476772,1.080684596577017,2.0,0.0,0.0,0.0,0.0,-0.0
phase8_human_activity_recognition_seed_50,human_activity_recognition,50,ddc855c222de0e5e,abcdc2908931c2fc,e4b3645,True,False,False,small_neural_network,conformal_harm_one_shot,560,560,selection_train+tune_crossfit,50,-1,True,True,1.0,0.0048309178743961,0.0050724637681159,0.0048309178743961,0.0971331238010406,0.1,base,aps,,,14,323,0.7306501547987616,0.7213622291021672,0.9938080495356038,1.0,0.7027863777089783,0.7027863777089783,1.0247678018575852,1.0,0.0278637770897832,0.0185758513931888,-0.0309597523219814,0.0,0.0309597523219814
phase8_human_activity_recognition_seed_50,human_activity_recognition,50,ddc855c222de0e5e,abcdc2908931c2fc,e4b3645,True,False,False,small_neural_network,conformal_harm_one_shot,560,560,selection_train+tune_crossfit,50,-1,True,True,1.0,0.0048309178743961,0.0050724637681159,0.0048309178743961,0.0971331238010406,0.1,base,aps,,,15,328,0.9847560975609756,0.9603658536585366,0.9939024390243902,1.0,0.9847560975609756,0.9664634146341464,1.021341463414634,1.0,0.0,-0.0060975609756097,-0.0274390243902438,0.0,0.0274390243902438
phase8_human_activity_recognition_seed_50,human_activity_recognition,50,ddc855c222de0e5e,abcdc2908931c2fc,e4b3645,True,False,False,small_neural_network,conformal_harm_one_shot,560,560,selection_train+tune_crossfit,50,-1,True,True,1.0,0.0048309178743961,0.0050724637681159,0.0048309178743961,0.0971331238010406,0.1,base,aps,,,20,354,0.9378531073446328,0.903954802259887,1.0056497175141244,1.0,0.9350282485875706,0.9209039548022598,1.0254237288135593,1.0,0.0028248587570621,-0.0169491525423728,-0.0197740112994349,0.0,0.0197740112994349
phase8_human_activity_recognition_seed_50,human_activity_recognition,50,ddc855c222de0e5e,abcdc2908931c2fc,e4b3645,True,False,False,small_neural_network,conformal_harm_one_shot,560,560,selection_train+tune_crossfit,50,-1,True,True,1.0,0.0048309178743961,0.0050724637681159,0.0048309178743961,0.0971331238010406,0.1,base,aps,,,23,372,0.978494623655914,0.9516129032258064,0.9919354838709676,1.0,0.9650537634408602,0.946236559139785,1.0080645161290325,1.0,0.0134408602150537,0.0053763440860215,-0.0161290322580645,0.0,0.0161290322580645
phase8_human_activity_recognition_seed_50,human_activity_recognition,50,ddc855c222de0e5e,abcdc2908931c2fc,e4b3645,True,False,False,small_neural_network,conformal_harm_one_shot,560,560,selection_train+tune_crossfit,50,-1,True,True,1.0,0.0048309178743961,0.0050724637681159,0.0048309178743961,0.0971331238010406,0.1,base,aps,,,25,409,0.9168704156479216,0.8973105134474327,1.0488997555012225,1.0,0.8973105134474327,0.9070904645476772,1.080684596577017,2.0,0.0195599022004889,-0.0097799511002445,-0.0317848410757946,-1.0,0.0317848410757946
phase8_human_activity_recognition_seed_50,human_activity_recognition,50,ddc855c222de0e5e,abcdc2908931c2fc,e4b3645,True,False,False,small_neural_network,conformal_harm_recursive,556,556,selection_train+tune_crossfit,50,-1,True,True,5.0,-0.003623188405797,0.0056763285024155,0.0121980676328502,0.0855395104951268,0.1,base,aps,,,14,323,0.6965944272445821,0.6904024767801857,1.0061919504643964,1.0,0.7027863777089783,0.7027863777089783,1.0247678018575852,1.0,-0.0061919504643962,-0.0123839009287926,-0.0185758513931888,0.0,0.0185758513931888
phase8_human_activity_recognition_seed_50,human_activity_recognition,50,ddc855c222de0e5e,abcdc2908931c2fc,e4b3645,True,False,False,small_neural_network,conformal_harm_recursive,556,556,selection_train+tune_crossfit,50,-1,True,True,5.0,-0.003623188405797,0.0056763285024155,0.0121980676328502,0.0855395104951268,0.1,base,aps,,,15,328,0.9847560975609756,0.9634146341463414,0.9969512195121952,1.0,0.9847560975609756,0.9664634146341464,1.021341463414634,1.0,0.0,-0.0030487804878048,-0.0243902439024389,0.0,0.0243902439024389
phase8_human_activity_recognition_seed_50,human_activity_recognition,50,ddc855c222de0e5e,abcdc2908931c2fc,e4b3645,True,False,False,small_neural_network,conformal_harm_recursive,556,556,selection_train+tune_crossfit,50,-1,True,True,5.0,-0.003623188405797,0.0056763285024155,0.0121980676328502,0.0855395104951268,0.1,base,aps,,,20,354,0.8785310734463276,0.844632768361582,1.0197740112994351,1.0,0.9350282485875706,0.9209039548022598,1.0254237288135593,1.0,-0.0564971751412429,-0.0762711864406778,-0.0056497175141241,0.0,0.0056497175141241
phase8_human_activity_recognition_seed_50,human_activity_recognition,50,ddc855c222de0e5e,abcdc2908931c2fc,e4b3645,True,False,False,small_neural_network,conformal_harm_recursive,556,556,selection_train+tune_crossfit,50,-1,True,True,5.0,-0.003623188405797,0.0056763285024155,0.0121980676328502,0.0855395104951268,0.1,base,aps,,,23,372,0.9623655913978496,0.9435483870967742,0.9973118279569892,1.0,0.9650537634408602,0.946236559139785,1.0080645161290325,1.0,-0.0026881720430107,-0.0026881720430107,-0.010752688172043,0.0,0.010752688172043
phase8_human_activity_recognition_seed_50,human_activity_recognition,50,ddc855c222de0e5e,abcdc2908931c2fc,e4b3645,True,False,False,small_neural_network,conformal_harm_recursive,556,556,selection_train+tune_crossfit,50,-1,True,True,5.0,-0.003623188405797,0.0056763285024155,0.0121980676328502,0.0855395104951268,0.1,base,aps,,,25,409,0.8924205378973105,0.904645476772616,1.0880195599022005,2.0,0.8973105134474327,0.9070904645476772,1.080684596577017,2.0,-0.0048899755501222,-0.0024449877750611,0.0073349633251833,0.0,-0.0073349633251833
phase8_human_activity_recognition_seed_51,human_activity_recognition,51,6f7250b4faa15fb2,a030cafc628e06ac,e4b3645,True,False,False,logistic_regression,all_features,561,561,none,51,-1,True,True,,,,,,0.1,base,aps,,,2,302,0.9867549668874172,0.9304635761589404,0.956953642384106,1.0,0.9867549668874172,0.9304635761589404,0.956953642384106,1.0,0.0,0.0,0.0,0.0,-0.0
phase8_human_activity_recognition_seed_51,human_activity_recognition,51,6f7250b4faa15fb2,a030cafc628e06ac,e4b3645,True,False,False,logistic_regression,all_features,561,561,none,51,-1,True,True,,,,,,0.1,base,aps,,,15,328,0.9817073170731708,0.9085365853658536,0.9573170731707316,1.0,0.9817073170731708,0.9085365853658536,0.9573170731707316,1.0,0.0,0.0,0.0,0.0,-0.0
phase8_human_activity_recognition_seed_51,human_activity_recognition,51,6f7250b4faa15fb2,a030cafc628e06ac,e4b3645,True,False,False,logistic_regression,all_features,561,561,none,51,-1,True,True,,,,,,0.1,base,aps,,,25,409,0.8508557457212714,0.8484107579462102,1.0488997555012225,1.1999999999999886,0.8508557457212714,0.8484107579462102,1.0488997555012225,1.1999999999999886,0.0,0.0,0.0,0.0,-0.0
phase8_human_activity_recognition_seed_51,human_activity_recognition,51,6f7250b4faa15fb2,a030cafc628e06ac,e4b3645,True,False,False,logistic_regression,all_features,561,561,none,51,-1,True,True,,,,,,0.1,base,aps,,,28,382,0.9293193717277488,0.8821989528795812,0.9738219895287958,1.0,0.9293193717277488,0.8821989528795812,0.9738219895287958,1.0,0.0,0.0,0.0,0.0,-0.0
phase8_human_activity_recognition_seed_51,human_activity_recognition,51,6f7250b4faa15fb2,a030cafc628e06ac,e4b3645,True,False,False,logistic_regression,all_features,561,561,none,51,-1,True,True,,,,,,0.1,base,aps,,,29,344,0.9563953488372092,0.872093023255814,0.936046511627907,1.0,0.9563953488372092,0.872093023255814,0.936046511627907,1.0,0.0,0.0,0.0,0.0,-0.0
phase8_human_activity_recognition_seed_51,human_activity_recognition,51,6f7250b4faa15fb2,a030cafc628e06ac,e4b3645,True,False,False,logistic_regression,conformal_harm_one_shot,558,558,selection_train+tune_crossfit,51,-1,True,True,3.0,-0.0055162113985642,0.018944813797755,0.011288962759551,0.1452848451633618,0.1,base,aps,,,2,302,0.9867549668874172,0.9238410596026492,0.9536423841059604,1.0,0.9867549668874172,0.9304635761589404,0.956953642384106,1.0,0.0,-0.0066225165562913,-0.0033112582781457,0.0,0.0033112582781457
phase8_human_activity_recognition_seed_51,human_activity_recognition,51,6f7250b4faa15fb2,a030cafc628e06ac,e4b3645,True,False,False,logistic_regression,conformal_harm_one_shot,558,558,selection_train+tune_crossfit,51,-1,True,True,3.0,-0.0055162113985642,0.018944813797755,0.011288962759551,0.1452848451633618,0.1,base,aps,,,15,328,0.9878048780487804,0.9085365853658536,0.945121951219512,1.0,0.9817073170731708,0.9085365853658536,0.9573170731707316,1.0,0.0060975609756097,0.0,-0.0121951219512195,0.0,0.0121951219512195
phase8_human_activity_recognition_seed_51,human_activity_recognition,51,6f7250b4faa15fb2,a030cafc628e06ac,e4b3645,True,False,False,logistic_regression,conformal_harm_one_shot,558,558,selection_train+tune_crossfit,51,-1,True,True,3.0,-0.0055162113985642,0.018944813797755,0.011288962759551,0.1452848451633618,0.1,base,aps,,,25,409,0.8484107579462102,0.8459657701711492,1.0488997555012225,1.0,0.8508557457212714,0.8484107579462102,1.0488997555012225,1.1999999999999886,-0.0024449877750611,-0.002444987775061,0.0,-0.1999999999999886,-0.0
phase8_human_activity_recognition_seed_51,human_activity_recognition,51,6f7250b4faa15fb2,a030cafc628e06ac,e4b3645,True,False,False,logistic_regression,conformal_harm_one_shot,558,558,selection_train+tune_crossfit,51,-1,True,True,3.0,-0.0055162113985642,0.018944813797755,0.011288962759551,0.1452848451633618,0.1,base,aps,,,28,382,0.93717277486911,0.8795811518324608,0.9842931937172776,1.0,0.9293193717277488,0.8821989528795812,0.9738219895287958,1.0,0.0078534031413612,-0.0026178010471203,0.0104712041884816,0.0,-0.0104712041884816
phase8_human_activity_recognition_seed_51,human_activity_recognition,51,6f7250b4faa15fb2,a030cafc628e06ac,e4b3645,True,False,False,logistic_regression,conformal_harm_one_shot,558,558,selection_train+tune_crossfit,51,-1,True,True,3.0,-0.0055162113985642,0.018944813797755,0.011288962759551,0.1452848451633618,0.1,base,aps,,,29,344,0.9651162790697676,0.875,0.9244186046511628,1.0,0.9563953488372092,0.872093023255814,0.936046511627907,1.0,0.0087209302325581,0.002906976744186,-0.0116279069767442,0.0,0.0116279069767442
phase8_human_activity_recognition_seed_51,human_activity_recognition,51,6f7250b4faa15fb2,a030cafc628e06ac,e4b3645,True,False,False,logistic_regression,conformal_harm_recursive,556,556,selection_train+tune_crossfit,51,-1,True,True,5.0,-0.0061274509803921,0.0189433082815436,0.0171761333526039,0.1445495510457147,0.1,base,aps,,,2,302,0.9867549668874172,0.9205298013245032,0.9470198675496688,1.0,0.9867549668874172,0.9304635761589404,0.956953642384106,1.0,0.0,-0.009933774834437,-0.0099337748344371,0.0,0.0099337748344371
phase8_human_activity_recognition_seed_51,human_activity_recognition,51,6f7250b4faa15fb2,a030cafc628e06ac,e4b3645,True,False,False,logistic_regression,conformal_harm_recursive,556,556,selection_train+tune_crossfit,51,-1,True,True,5.0,-0.0061274509803921,0.0189433082815436,0.0171761333526039,0.1445495510457147,0.1,base,aps,,,15,328,0.9878048780487804,0.9085365853658536,0.9420731707317072,1.0,0.9817073170731708,0.9085365853658536,0.9573170731707316,1.0,0.0060975609756097,0.0,-0.0152439024390244,0.0,0.0152439024390244
phase8_human_activity_recognition_seed_51,human_activity_recognition,51,6f7250b4faa15fb2,a030cafc628e06ac,e4b3645,True,False,False,logistic_regression,conformal_harm_recursive,556,556,selection_train+tune_crossfit,51,-1,True,True,5.0,-0.0061274509803921,0.0189433082815436,0.0171761333526039,0.1445495510457147,0.1,base,aps,,,25,409,0.8459657701711492,0.8459657701711492,1.0488997555012225,1.0,0.8508557457212714,0.8484107579462102,1.0488997555012225,1.1999999999999886,-0.0048899755501222,-0.002444987775061,0.0,-0.1999999999999886,-0.0
phase8_human_activity_recognition_seed_51,human_activity_recognition,51,6f7250b4faa15fb2,a030cafc628e06ac,e4b3645,True,False,False,logistic_regression,conformal_harm_recursive,556,556,selection_train+tune_crossfit,51,-1,True,True,5.0,-0.0061274509803921,0.0189433082815436,0.0171761333526039,0.1445495510457147,0.1,base,aps,,,28,382,0.9319371727748692,0.8821989528795812,0.9790575916230366,1.0,0.9293193717277488,0.8821989528795812,0.9738219895287958,1.0,0.0026178010471203,0.0,0.0052356020942407,0.0,-0.0052356020942407
phase8_human_activity_recognition_seed_51,human_activity_recognition,51,6f7250b4faa15fb2,a030cafc628e06ac,e4b3645,True,False,False,logistic_regression,conformal_harm_recursive,556,556,selection_train+tune_crossfit,51,-1,True,True,5.0,-0.0061274509803921,0.0189433082815436,0.0171761333526039,0.1445495510457147,0.1,base,aps,,,29,344,0.9651162790697676,0.8691860465116279,0.9186046511627908,1.0,0.9563953488372092,0.872093023255814,0.936046511627907,1.0,0.0087209302325581,-0.002906976744186,-0.0174418604651163,0.0,0.0174418604651163
phase8_human_activity_recognition_seed_51,human_activity_recognition,51,6f7250b4faa15fb2,a030cafc628e06ac,e4b3645,True,False,False,small_neural_network,all_features,561,561,none,51,-1,True,True,,,,,,0.1,base,aps,,,2,302,0.9735099337748344,0.9370860927152318,0.9735099337748344,1.0,0.9735099337748344,0.9370860927152318,0.9735099337748344,1.0,0.0,0.0,0.0,0.0,-0.0
phase8_human_activity_recognition_seed_51,human_activity_recognition,51,6f7250b4faa15fb2,a030cafc628e06ac,e4b3645,True,False,False,small_neural_network,all_features,561,561,none,51,-1,True,True,,,,,,0.1,base,aps,,,15,328,0.972560975609756,0.9176829268292684,0.9847560975609756,1.0,0.972560975609756,0.9176829268292684,0.9847560975609756,1.0,0.0,0.0,0.0,0.0,-0.0
phase8_human_activity_recognition_seed_51,human_activity_recognition,51,6f7250b4faa15fb2,a030cafc628e06ac,e4b3645,True,False,False,small_neural_network,all_features,561,561,none,51,-1,True,True,,,,,,0.1,base,aps,,,25,409,0.8533007334963325,0.8924205378973105,1.1002444987775062,2.0,0.8533007334963325,0.8924205378973105,1.1002444987775062,2.0,0.0,0.0,0.0,0.0,-0.0
phase8_human_activity_recognition_seed_51,human_activity_recognition,51,6f7250b4faa15fb2,a030cafc628e06ac,e4b3645,True,False,False,small_neural_network,all_features,561,561,none,51,-1,True,True,,,,,,0.1,base,aps,,,28,382,0.8743455497382199,0.856020942408377,1.031413612565445,1.0,0.8743455497382199,0.856020942408377,1.031413612565445,1.0,0.0,0.0,0.0,0.0,-0.0
phase8_human_activity_recognition_seed_51,human_activity_recognition,51,6f7250b4faa15fb2,a030cafc628e06ac,e4b3645,True,False,False,small_neural_network,all_features,561,561,none,51,-1,True,True,,,,,,0.1,base,aps,,,29,344,0.9505813953488372,0.8895348837209303,0.9680232558139537,1.0,0.9505813953488372,0.8895348837209303,0.9680232558139537,1.0,0.0,0.0,0.0,0.0,-0.0
phase8_human_activity_recognition_seed_51,human_activity_recognition,51,6f7250b4faa15fb2,a030cafc628e06ac,e4b3645,True,False,False,small_neural_network,conformal_harm_one_shot,560,560,selection_train+tune_crossfit,51,-1,True,True,1.0,-0.0110369393457628,0.0078988413547237,0.0327407621525268,0.1381730946660614,0.1,base,aps,,,2,302,0.9701986754966888,0.9437086092715232,0.9867549668874172,1.0,0.9735099337748344,0.9370860927152318,0.9735099337748344,1.0,-0.0033112582781457,0.0066225165562914,0.0132450331125828,0.0,-0.0132450331125828
phase8_human_activity_recognition_seed_51,human_activity_recognition,51,6f7250b4faa15fb2,a030cafc628e06ac,e4b3645,True,False,False,small_neural_network,conformal_harm_one_shot,560,560,selection_train+tune_crossfit,51,-1,True,True,1.0,-0.0110369393457628,0.0078988413547237,0.0327407621525268,0.1381730946660614,0.1,base,aps,,,15,328,0.9786585365853658,0.9176829268292684,0.951219512195122,1.0,0.972560975609756,0.9176829268292684,0.9847560975609756,1.0,0.0060975609756097,0.0,-0.0335365853658536,0.0,0.0335365853658536
phase8_human_activity_recognition_seed_51,human_activity_recognition,51,6f7250b4faa15fb2,a030cafc628e06ac,e4b3645,True,False,False,small_neural_network,conformal_harm_one_shot,560,560,selection_train+tune_crossfit,51,-1,True,True,1.0,-0.0110369393457628,0.0078988413547237,0.0327407621525268,0.1381730946660614,0.1,base,aps,,,25,409,0.863080684596577,0.8606356968215159,1.0415647921760391,1.0,0.8533007334963325,0.8924205378973105,1.1002444987775062,2.0,0.0097799511002445,-0.0317848410757946,-0.058679706601467,-1.0,0.058679706601467
phase8_human_activity_recognition_seed_51,human_activity_recognition,51,6f7250b4faa15fb2,a030cafc628e06ac,e4b3645,True,False,False,small_neural_network,conformal_harm_one_shot,560,560,selection_train+tune_crossfit,51,-1,True,True,1.0,-0.0110369393457628,0.0078988413547237,0.0327407621525268,0.1381730946660614,0.1,base,aps,,,28,382,0.8952879581151832,0.8691099476439791,0.9947643979057592,1.0,0.8743455497382199,0.856020942408377,1.031413612565445,1.0,0.0209424083769633,0.013089005235602,-0.0366492146596857,0.0,0.0366492146596857
phase8_human_activity_recognition_seed_51,human_activity_recognition,51,6f7250b4faa15fb2,a030cafc628e06ac,e4b3645,True,False,False,small_neural_network,conformal_harm_one_shot,560,560,selection_train+tune_crossfit,51,-1,True,True,1.0,-0.0110369393457628,0.0078988413547237,0.0327407621525268,0.1381730946660614,0.1,base,aps,,,29,344,0.9447674418604652,0.8837209302325582,0.9534883720930232,1.0,0.9505813953488372,0.8895348837209303,0.9680232558139537,1.0,-0.0058139534883721,-0.0058139534883721,-0.0145348837209302,0.0,0.0145348837209302
phase8_human_activity_recognition_seed_51,human_activity_recognition,51,6f7250b4faa15fb2,a030cafc628e06ac,e4b3645,True,False,False,small_neural_network,conformal_harm_recursive,558,558,selection_train+tune_crossfit,51,-1,True,True,3.0,-0.0214566170448523,0.0085176085176085,0.0410786120344943,0.1461734720238556,0.1,base,aps,,,2,302,0.9867549668874172,0.9304635761589404,0.9602649006622516,1.0,0.9735099337748344,0.9370860927152318,0.9735099337748344,1.0,0.0132450331125828,-0.0066225165562914,-0.0132450331125827,0.0,0.0132450331125827
phase8_human_activity_recognition_seed_51,human_activity_recognition,51,6f7250b4faa15fb2,a030cafc628e06ac,e4b3645,True,False,False,small_neural_network,conformal_harm_recursive,558,558,selection_train+tune_crossfit,51,-1,True,True,3.0,-0.0214566170448523,0.0085176085176085,0.0410786120344943,0.1461734720238556,0.1,base,aps,,,15,328,0.9573170731707316,0.9054878048780488,0.9817073170731708,1.0,0.972560975609756,0.9176829268292684,0.9847560975609756,1.0,-0.0152439024390244,-0.0121951219512195,-0.0030487804878048,0.0,0.0030487804878048
phase8_human_activity_recognition_seed_51,human_activity_recognition,51,6f7250b4faa15fb2,a030cafc628e06ac,e4b3645,True,False,False,small_neural_network,conformal_harm_recursive,558,558,selection_train+tune_crossfit,51,-1,True,True,3.0,-0.0214566170448523,0.0085176085176085,0.0410786120344943,0.1461734720238556,0.1,base,aps,,,25,409,0.8704156479217604,0.8801955990220048,1.0733496332518335,2.0,0.8533007334963325,0.8924205378973105,1.1002444987775062,2.0,0.0171149144254278,-0.0122249388753056,-0.0268948655256724,0.0,0.0268948655256724
phase8_human_activity_recognition_seed_51,human_activity_recognition,51,6f7250b4faa15fb2,a030cafc628e06ac,e4b3645,True,False,False,small_neural_network,conformal_harm_recursive,558,558,selection_train+tune_crossfit,51,-1,True,True,3.0,-0.0214566170448523,0.0085176085176085,0.0410786120344943,0.1461734720238556,0.1,base,aps,,,28,382,0.9057591623036648,0.8795811518324608,1.031413612565445,1.0,0.8743455497382199,0.856020942408377,1.031413612565445,1.0,0.031413612565445,0.0235602094240837,0.0,0.0,-0.0
phase8_human_activity_recognition_seed_51,human_activity_recognition,51,6f7250b4faa15fb2,a030cafc628e06ac,e4b3645,True,False,False,small_neural_network,conformal_harm_recursive,558,558,selection_train+tune_crossfit,51,-1,True,True,3.0,-0.0214566170448523,0.0085176085176085,0.0410786120344943,0.1461734720238556,0.1,base,aps,,,29,344,0.936046511627907,0.8691860465116279,0.9447674418604652,1.0,0.9505813953488372,0.8895348837209303,0.9680232558139537,1.0,-0.0145348837209302,-0.0203488372093023,-0.0232558139534884,0.0,0.0232558139534884
phase8_human_activity_recognition_seed_52,human_activity_recognition,52,5a715e92fe89f1bd,caa33f615475dd8c,e4b3645,True,False,False,logistic_regression,all_features,561,561,none,52,-1,True,True,,,,,,0.1,base,aps,,,8,281,0.9608540925266904,0.9537366548042704,1.0391459074733096,1.0,0.9608540925266904,0.9537366548042704,1.0391459074733096,1.0,0.0,0.0,0.0,0.0,-0.0
phase8_human_activity_recognition_seed_52,human_activity_recognition,52,5a715e92fe89f1bd,caa33f615475dd8c,e4b3645,True,False,False,logistic_regression,all_features,561,561,none,52,-1,True,True,,,,,,0.1,base,aps,,,10,294,0.7448979591836735,0.7721088435374149,1.1360544217687074,2.0,0.7448979591836735,0.7721088435374149,1.1360544217687074,2.0,0.0,0.0,0.0,0.0,-0.0
phase8_human_activity_recognition_seed_52,human_activity_recognition,52,5a715e92fe89f1bd,caa33f615475dd8c,e4b3645,True,False,False,logistic_regression,all_features,561,561,none,52,-1,True,True,,,,,,0.1,base,aps,,,16,366,0.8306010928961749,0.8415300546448088,1.0901639344262295,2.0,0.8306010928961749,0.8415300546448088,1.0901639344262295,2.0,0.0,0.0,0.0,0.0,-0.0
phase8_human_activity_recognition_seed_52,human_activity_recognition,52,5a715e92fe89f1bd,caa33f615475dd8c,e4b3645,True,False,False,logistic_regression,all_features,561,561,none,52,-1,True,True,,,,,,0.1,base,aps,,,18,364,0.9505494505494504,0.925824175824176,1.065934065934066,1.0,0.9505494505494504,0.925824175824176,1.065934065934066,1.0,0.0,0.0,0.0,0.0,-0.0
phase8_human_activity_recognition_seed_52,human_activity_recognition,52,5a715e92fe89f1bd,caa33f615475dd8c,e4b3645,True,False,False,logistic_regression,all_features,561,561,none,52,-1,True,True,,,,,,0.1,base,aps,,,25,409,0.9437652811735942,0.9242053789731052,1.0635696821515892,2.0,0.9437652811735942,0.9242053789731052,1.0635696821515892,2.0,0.0,0.0,0.0,0.0,-0.0
phase8_human_activity_recognition_seed_52,human_activity_recognition,52,5a715e92fe89f1bd,caa33f615475dd8c,e4b3645,True,False,False,logistic_regression,conformal_harm_one_shot,556,556,selection_train+tune_crossfit,52,-1,True,True,5.0,-0.0054464726486282,0.018714591316204,0.0127183290627424,0.0714927108700914,0.1,base,aps,,,8,281,0.9572953736654805,0.9572953736654805,1.0640569395017794,1.0,0.9608540925266904,0.9537366548042704,1.0391459074733096,1.0,-0.0035587188612099,0.0035587188612099,0.0249110320284697,0.0,-0.0249110320284697
phase8_human_activity_recognition_seed_52,human_activity_recognition,52,5a715e92fe89f1bd,caa33f615475dd8c,e4b3645,True,False,False,logistic_regression,conformal_harm_one_shot,556,556,selection_train+tune_crossfit,52,-1,True,True,5.0,-0.0054464726486282,0.018714591316204,0.0127183290627424,0.0714927108700914,0.1,base,aps,,,10,294,0.7619047619047619,0.7891156462585034,1.1224489795918366,2.0,0.7448979591836735,0.7721088435374149,1.1360544217687074,2.0,0.0170068027210883,0.0170068027210884,-0.0136054421768707,0.0,0.0136054421768707
phase8_human_activity_recognition_seed_52,human_activity_recognition,52,5a715e92fe89f1bd,caa33f615475dd8c,e4b3645,True,False,False,logistic_regression,conformal_harm_one_shot,556,556,selection_train+tune_crossfit,52,-1,True,True,5.0,-0.0054464726486282,0.018714591316204,0.0127183290627424,0.0714927108700914,0.1,base,aps,,,16,366,0.8442622950819673,0.8442622950819673,1.0601092896174864,1.0,0.8306010928961749,0.8415300546448088,1.0901639344262295,2.0,0.0136612021857923,0.0027322404371584,-0.030054644808743,-1.0,0.030054644808743
phase8_human_activity_recognition_seed_52,human_activity_recognition,52,5a715e92fe89f1bd,caa33f615475dd8c,e4b3645,True,False,False,logistic_regression,conformal_harm_one_shot,556,556,selection_train+tune_crossfit,52,-1,True,True,5.0,-0.0054464726486282,0.018714591316204,0.0127183290627424,0.0714927108700914,0.1,base,aps,,,18,364,0.945054945054945,0.934065934065934,1.065934065934066,1.0,0.9505494505494504,0.925824175824176,1.065934065934066,1.0,-0.0054945054945054,0.0082417582417582,0.0,0.0,-0.0
phase8_human_activity_recognition_seed_52,human_activity_recognition,52,5a715e92fe89f1bd,caa33f615475dd8c,e4b3645,True,False,False,logistic_regression,conformal_harm_one_shot,556,556,selection_train+tune_crossfit,52,-1,True,True,5.0,-0.0054464726486282,0.018714591316204,0.0127183290627424,0.0714927108700914,0.1,base,aps,,,25,409,0.9315403422982884,0.9364303178484108,1.080684596577017,2.0,0.9437652811735942,0.9242053789731052,1.0635696821515892,2.0,-0.0122249388753056,0.0122249388753056,0.0171149144254278,0.0,-0.0171149144254278
phase8_human_activity_recognition_seed_52,human_activity_recognition,52,5a715e92fe89f1bd,caa33f615475dd8c,e4b3645,True,False,False,logistic_regression,conformal_harm_recursive,557,557,selection_train+tune_crossfit,52,-1,True,True,4.0,-0.0042358188956017,0.0168971414466724,0.0159885634359058,0.0709598951971329,0.1,base,aps,,,8,281,0.9501779359430604,0.9537366548042704,1.0676156583629892,1.0,0.9608540925266904,0.9537366548042704,1.0391459074733096,1.0,-0.0106761565836298,0.0,0.0284697508896796,0.0,-0.0284697508896796
phase8_human_activity_recognition_seed_52,human_activity_recognition,52,5a715e92fe89f1bd,caa33f615475dd8c,e4b3645,True,False,False,logistic_regression,conformal_harm_recursive,557,557,selection_train+tune_crossfit,52,-1,True,True,4.0,-0.0042358188956017,0.0168971414466724,0.0159885634359058,0.0709598951971329,0.1,base,aps,,,10,294,0.7312925170068028,0.7721088435374149,1.108843537414966,2.0,0.7448979591836735,0.7721088435374149,1.1360544217687074,2.0,-0.0136054421768707,0.0,-0.0272108843537415,0.0,0.0272108843537415
phase8_human_activity_recognition_seed_52,human_activity_recognition,52,5a715e92fe89f1bd,caa33f615475dd8c,e4b3645,True,False,False,logistic_regression,conformal_harm_recursive,557,557,selection_train+tune_crossfit,52,-1,True,True,4.0,-0.0042358188956017,0.0168971414466724,0.0159885634359058,0.0709598951971329,0.1,base,aps,,,16,366,0.8415300546448088,0.8415300546448088,1.0628415300546448,2.0,0.8306010928961749,0.8415300546448088,1.0901639344262295,2.0,0.0109289617486338,0.0,-0.0273224043715847,0.0,0.0273224043715847
phase8_human_activity_recognition_seed_52,human_activity_recognition,52,5a715e92fe89f1bd,caa33f615475dd8c,e4b3645,True,False,False,logistic_regression,conformal_harm_recursive,557,557,selection_train+tune_crossfit,52,-1,True,True,4.0,-0.0042358188956017,0.0168971414466724,0.0159885634359058,0.0709598951971329,0.1,base,aps,,,18,364,0.9395604395604396,0.925824175824176,1.065934065934066,1.0,0.9505494505494504,0.925824175824176,1.065934065934066,1.0,-0.0109890109890109,0.0,0.0,0.0,-0.0
phase8_human_activity_recognition_seed_52,human_activity_recognition,52,5a715e92fe89f1bd,caa33f615475dd8c,e4b3645,True,False,False,logistic_regression,conformal_harm_recursive,557,557,selection_train+tune_crossfit,52,-1,True,True,4.0,-0.0042358188956017,0.0168971414466724,0.0159885634359058,0.0709598951971329,0.1,base,aps,,,25,409,0.9266503667481664,0.9290953545232272,1.0855745721271393,2.0,0.9437652811735942,0.9242053789731052,1.0635696821515892,2.0,-0.0171149144254278,0.0048899755501221,0.02200488997555,0.0,-0.02200488997555
phase8_human_activity_recognition_seed_52,human_activity_recognition,52,5a715e92fe89f1bd,caa33f615475dd8c,e4b3645,True,False,False,small_neural_network,all_features,561,561,none,52,-1,True,True,,,,,,0.1,base,aps,,,8,281,0.9466192170818504,0.9430604982206404,1.0142348754448398,1.0,0.9466192170818504,0.9430604982206404,1.0142348754448398,1.0,0.0,0.0,0.0,0.0,-0.0
phase8_human_activity_recognition_seed_52,human_activity_recognition,52,5a715e92fe89f1bd,caa33f615475dd8c,e4b3645,True,False,False,small_neural_network,all_features,561,561,none,52,-1,True,True,,,,,,0.1,base,aps,,,10,294,0.7585034013605442,0.7789115646258503,1.0850340136054422,2.0,0.7585034013605442,0.7789115646258503,1.0850340136054422,2.0,0.0,0.0,0.0,0.0,-0.0
phase8_human_activity_recognition_seed_52,human_activity_recognition,52,5a715e92fe89f1bd,caa33f615475dd8c,e4b3645,True,False,False,small_neural_network,all_features,561,561,none,52,-1,True,True,,,,,,0.1,base,aps,,,16,366,0.855191256830601,0.8497267759562842,1.0683060109289615,2.0,0.855191256830601,0.8497267759562842,1.0683060109289615,2.0,0.0,0.0,0.0,0.0,-0.0
phase8_human_activity_recognition_seed_52,human_activity_recognition,52,5a715e92fe89f1bd,caa33f615475dd8c,e4b3645,True,False,False,small_neural_network,all_features,561,561,none,52,-1,True,True,,,,,,0.1,base,aps,,,18,364,0.925824175824176,0.9065934065934066,1.0631868131868132,1.0,0.925824175824176,0.9065934065934066,1.0631868131868132,1.0,0.0,0.0,0.0,0.0,-0.0
phase8_human_activity_recognition_seed_52,human_activity_recognition,52,5a715e92fe89f1bd,caa33f615475dd8c,e4b3645,True,False,False,small_neural_network,all_features,561,561,none,52,-1,True,True,,,,,,0.1,base,aps,,,25,409,0.8948655256723717,0.8875305623471883,1.0831295843520783,2.0,0.8948655256723717,0.8875305623471883,1.0831295843520783,2.0,0.0,0.0,0.0,0.0,-0.0
phase8_human_activity_recognition_seed_52,human_activity_recognition,52,5a715e92fe89f1bd,caa33f615475dd8c,e4b3645,True,False,False,small_neural_network,conformal_harm_one_shot,560,560,selection_train+tune_crossfit,52,-1,True,True,1.0,0.000615611556454,0.007812830578998,0.0070253179435341,0.0760069445413564,0.1,base,aps,,,8,281,0.9323843416370108,0.9288256227758008,1.01067615658363,1.0,0.9466192170818504,0.9430604982206404,1.0142348754448398,1.0,-0.0142348754448398,-0.0142348754448398,-0.0035587188612098,0.0,0.0035587188612098
phase8_human_activity_recognition_seed_52,human_activity_recognition,52,5a715e92fe89f1bd,caa33f615475dd8c,e4b3645,True,False,False,small_neural_network,conformal_harm_one_shot,560,560,selection_train+tune_crossfit,52,-1,True,True,1.0,0.000615611556454,0.007812830578998,0.0070253179435341,0.0760069445413564,0.1,base,aps,,,10,294,0.717687074829932,0.717687074829932,1.0748299319727892,2.0,0.7585034013605442,0.7789115646258503,1.0850340136054422,2.0,-0.0408163265306121,-0.0612244897959183,-0.0102040816326529,0.0,0.0102040816326529
phase8_human_activity_recognition_seed_52,human_activity_recognition,52,5a715e92fe89f1bd,caa33f615475dd8c,e4b3645,True,False,False,small_neural_network,conformal_harm_one_shot,560,560,selection_train+tune_crossfit,52,-1,True,True,1.0,0.000615611556454,0.007812830578998,0.0070253179435341,0.0760069445413564,0.1,base,aps,,,16,366,0.8360655737704918,0.8387978142076503,1.046448087431694,1.0,0.855191256830601,0.8497267759562842,1.0683060109289615,2.0,-0.0191256830601092,-0.0109289617486338,-0.0218579234972677,-1.0,0.0218579234972677
phase8_human_activity_recognition_seed_52,human_activity_recognition,52,5a715e92fe89f1bd,caa33f615475dd8c,e4b3645,True,False,False,small_neural_network,conformal_harm_one_shot,560,560,selection_train+tune_crossfit,52,-1,True,True,1.0,0.000615611556454,0.007812830578998,0.0070253179435341,0.0760069445413564,0.1,base,aps,,,18,364,0.9395604395604396,0.9175824175824177,1.03021978021978,1.0,0.925824175824176,0.9065934065934066,1.0631868131868132,1.0,0.0137362637362636,0.0109890109890109,-0.032967032967033,0.0,0.032967032967033
phase8_human_activity_recognition_seed_52,human_activity_recognition,52,5a715e92fe89f1bd,caa33f615475dd8c,e4b3645,True,False,False,small_neural_network,conformal_harm_one_shot,560,560,selection_train+tune_crossfit,52,-1,True,True,1.0,0.000615611556454,0.007812830578998,0.0070253179435341,0.0760069445413564,0.1,base,aps,,,25,409,0.9119804400977995,0.8875305623471883,1.039119804400978,1.0,0.8948655256723717,0.8875305623471883,1.0831295843520783,2.0,0.0171149144254278,0.0,-0.0440097799511003,-1.0,0.0440097799511003
phase8_human_activity_recognition_seed_52,human_activity_recognition,52,5a715e92fe89f1bd,caa33f615475dd8c,e4b3645,True,False,False,small_neural_network,conformal_harm_recursive,557,557,selection_train+tune_crossfit,52,-1,True,True,4.0,-0.0030236959025835,0.0090234843320247,0.013808505136463,0.0679532170896952,0.1,base,aps,,,8,281,0.9537366548042704,0.9252669039145908,0.99288256227758,1.0,0.9466192170818504,0.9430604982206404,1.0142348754448398,1.0,0.00711743772242,-0.0177935943060497,-0.0213523131672597,0.0,0.0213523131672597
phase8_human_activity_recognition_seed_52,human_activity_recognition,52,5a715e92fe89f1bd,caa33f615475dd8c,e4b3645,True,False,False,small_neural_network,conformal_harm_recursive,557,557,selection_train+tune_crossfit,52,-1,True,True,4.0,-0.0030236959025835,0.0090234843320247,0.013808505136463,0.0679532170896952,0.1,base,aps,,,10,294,0.8231292517006803,0.8095238095238095,1.0476190476190477,2.0,0.7585034013605442,0.7789115646258503,1.0850340136054422,2.0,0.0646258503401361,0.0306122448979592,-0.0374149659863944,0.0,0.0374149659863944
phase8_human_activity_recognition_seed_52,human_activity_recognition,52,5a715e92fe89f1bd,caa33f615475dd8c,e4b3645,True,False,False,small_neural_network,conformal_harm_recursive,557,557,selection_train+tune_crossfit,52,-1,True,True,4.0,-0.0030236959025835,0.0090234843320247,0.013808505136463,0.0679532170896952,0.1,base,aps,,,16,366,0.855191256830601,0.8278688524590164,1.010928961748634,1.0,0.855191256830601,0.8497267759562842,1.0683060109289615,2.0,0.0,-0.0218579234972677,-0.0573770491803278,-1.0,0.0573770491803278
phase8_human_activity_recognition_seed_52,human_activity_recognition,52,5a715e92fe89f1bd,caa33f615475dd8c,e4b3645,True,False,False,small_neural_network,conformal_harm_recursive,557,557,selection_train+tune_crossfit,52,-1,True,True,4.0,-0.0030236959025835,0.0090234843320247,0.013808505136463,0.0679532170896952,0.1,base,aps,,,18,364,0.9423076923076924,0.9010989010989012,1.010989010989011,1.0,0.925824175824176,0.9065934065934066,1.0631868131868132,1.0,0.0164835164835164,-0.0054945054945054,-0.0521978021978022,0.0,0.0521978021978022
phase8_human_activity_recognition_seed_52,human_activity_recognition,52,5a715e92fe89f1bd,caa33f615475dd8c,e4b3645,True,False,False,small_neural_network,conformal_harm_recursive,557,557,selection_train+tune_crossfit,52,-1,True,True,4.0,-0.0030236959025835,0.0090234843320247,0.013808505136463,0.0679532170896952,0.1,base,aps,,,25,409,0.8948655256723717,0.8801955990220048,1.0293398533007334,1.0,0.8948655256723717,0.8875305623471883,1.0831295843520783,2.0,0.0,-0.0073349633251834,-0.0537897310513448,-1.0,0.0537897310513448
phase8_human_activity_recognition_seed_53,human_activity_recognition,53,9a85a50e75975006,2879d2006040bb4b,e4b3645,True,False,False,logistic_regression,all_features,561,561,none,53,-1,True,True,,,,,,0.1,base,aps,,,4,317,0.9621451104100948,0.9369085173501576,0.9905362776025236,1.0,0.9621451104100948,0.9369085173501576,0.9905362776025236,1.0,0.0,0.0,0.0,0.0,-0.0
phase8_human_activity_recognition_seed_53,human_activity_recognition,53,9a85a50e75975006,2879d2006040bb4b,e4b3645,True,False,False,logistic_regression,all_features,561,561,none,53,-1,True,True,,,,,,0.1,base,aps,,,7,308,0.9253246753246752,0.9155844155844156,1.0584415584415583,1.0,0.9253246753246752,0.9155844155844156,1.0584415584415583,1.0,0.0,0.0,0.0,0.0,-0.0
phase8_human_activity_recognition_seed_53,human_activity_recognition,53,9a85a50e75975006,2879d2006040bb4b,e4b3645,True,False,False,logistic_regression,all_features,561,561,none,53,-1,True,True,,,,,,0.1,base,aps,,,15,328,0.9939024390243902,0.951219512195122,0.9695121951219512,1.0,0.9939024390243902,0.951219512195122,0.9695121951219512,1.0,0.0,0.0,0.0,0.0,-0.0
phase8_human_activity_recognition_seed_53,human_activity_recognition,53,9a85a50e75975006,2879d2006040bb4b,e4b3645,True,False,False,logistic_regression,all_features,561,561,none,53,-1,True,True,,,,,,0.1,base,aps,,,16,366,0.9016393442622952,0.9043715846994536,1.0601092896174864,1.0,0.9016393442622952,0.9043715846994536,1.0601092896174864,1.0,0.0,0.0,0.0,0.0,-0.0
phase8_human_activity_recognition_seed_53,human_activity_recognition,53,9a85a50e75975006,2879d2006040bb4b,e4b3645,True,False,False,logistic_regression,all_features,561,561,none,53,-1,True,True,,,,,,0.1,base,aps,,,20,354,0.9519774011299436,0.9350282485875706,1.0112994350282485,1.0,0.9519774011299436,0.9350282485875706,1.0112994350282485,1.0,0.0,0.0,0.0,0.0,-0.0
phase8_human_activity_recognition_seed_53,human_activity_recognition,53,9a85a50e75975006,2879d2006040bb4b,e4b3645,True,False,False,logistic_regression,conformal_harm_one_shot,556,556,selection_train+tune_crossfit,53,-1,True,True,5.0,-0.0063657407407407,0.0047453703703703,0.0115740740740741,0.0928367719694105,0.1,base,aps,,,4,317,0.9684542586750788,0.9337539432176656,1.0157728706624605,1.0,0.9621451104100948,0.9369085173501576,0.9905362776025236,1.0,0.0063091482649841,-0.003154574132492,0.0252365930599368,0.0,-0.0252365930599368
phase8_human_activity_recognition_seed_53,human_activity_recognition,53,9a85a50e75975006,2879d2006040bb4b,e4b3645,True,False,False,logistic_regression,conformal_harm_one_shot,556,556,selection_train+tune_crossfit,53,-1,True,True,5.0,-0.0063657407407407,0.0047453703703703,0.0115740740740741,0.0928367719694105,0.1,base,aps,,,7,308,0.9155844155844156,0.9155844155844156,1.0551948051948052,1.0,0.9253246753246752,0.9155844155844156,1.0584415584415583,1.0,-0.0097402597402597,0.0,-0.0032467532467532,0.0,0.0032467532467532
phase8_human_activity_recognition_seed_53,human_activity_recognition,53,9a85a50e75975006,2879d2006040bb4b,e4b3645,True,False,False,logistic_regression,conformal_harm_one_shot,556,556,selection_train+tune_crossfit,53,-1,True,True,5.0,-0.0063657407407407,0.0047453703703703,0.0115740740740741,0.0928367719694105,0.1,base,aps,,,15,328,0.9878048780487804,0.951219512195122,0.9817073170731708,1.0,0.9939024390243902,0.951219512195122,0.9695121951219512,1.0,-0.0060975609756097,0.0,0.0121951219512195,0.0,-0.0121951219512195
phase8_human_activity_recognition_seed_53,human_activity_recognition,53,9a85a50e75975006,2879d2006040bb4b,e4b3645,True,False,False,logistic_regression,conformal_harm_one_shot,556,556,selection_train+tune_crossfit,53,-1,True,True,5.0,-0.0063657407407407,0.0047453703703703,0.0115740740740741,0.0928367719694105,0.1,base,aps,,,16,366,0.8989071038251366,0.907103825136612,1.0765027322404372,2.0,0.9016393442622952,0.9043715846994536,1.0601092896174864,1.0,-0.0027322404371584,0.0027322404371584,0.0163934426229508,1.0,-0.0163934426229508
phase8_human_activity_recognition_seed_53,human_activity_recognition,53,9a85a50e75975006,2879d2006040bb4b,e4b3645,True,False,False,logistic_regression,conformal_harm_one_shot,556,556,selection_train+tune_crossfit,53,-1,True,True,5.0,-0.0063657407407407,0.0047453703703703,0.0115740740740741,0.0928367719694105,0.1,base,aps,,,20,354,0.9689265536723164,0.9491525423728814,1.0141242937853108,1.0,0.9519774011299436,0.9350282485875706,1.0112994350282485,1.0,0.0169491525423728,0.0141242937853107,0.0028248587570622,0.0,-0.0028248587570622
phase8_human_activity_recognition_seed_53,human_activity_recognition,53,9a85a50e75975006,2879d2006040bb4b,e4b3645,True,False,False,logistic_regression,conformal_harm_recursive,556,556,selection_train+tune_crossfit,53,-1,True,True,5.0,-0.0081018518518518,0.005324074074074,0.015162037037037,0.0956935306785575,0.1,base,aps,,,4,317,0.9621451104100948,0.9337539432176656,1.0157728706624605,1.0,0.9621451104100948,0.9369085173501576,0.9905362776025236,1.0,0.0,-0.003154574132492,0.0252365930599368,0.0,-0.0252365930599368
phase8_human_activity_recognition_seed_53,human_activity_recognition,53,9a85a50e75975006,2879d2006040bb4b,e4b3645,True,False,False,logistic_regression,conformal_harm_recursive,556,556,selection_train+tune_crossfit,53,-1,True,True,5.0,-0.0081018518518518,0.005324074074074,0.015162037037037,0.0956935306785575,0.1,base,aps,,,7,308,0.9155844155844156,0.905844155844156,1.051948051948052,1.0,0.9253246753246752,0.9155844155844156,1.0584415584415583,1.0,-0.0097402597402597,-0.0097402597402597,-0.0064935064935065,0.0,0.0064935064935065
phase8_human_activity_recognition_seed_53,human_activity_recognition,53,9a85a50e75975006,2879d2006040bb4b,e4b3645,True,False,False,logistic_regression,conformal_harm_recursive,556,556,selection_train+tune_crossfit,53,-1,True,True,5.0,-0.0081018518518518,0.005324074074074,0.015162037037037,0.0956935306785575,0.1,base,aps,,,15,328,0.9878048780487804,0.9420731707317072,0.972560975609756,1.0,0.9939024390243902,0.951219512195122,0.9695121951219512,1.0,-0.0060975609756097,-0.0091463414634146,0.0030487804878048,0.0,-0.0030487804878048
phase8_human_activity_recognition_seed_53,human_activity_recognition,53,9a85a50e75975006,2879d2006040bb4b,e4b3645,True,False,False,logistic_regression,conformal_harm_recursive,556,556,selection_train+tune_crossfit,53,-1,True,True,5.0,-0.0081018518518518,0.005324074074074,0.015162037037037,0.0956935306785575,0.1,base,aps,,,16,366,0.9098360655737704,0.8961748633879781,1.0573770491803278,1.0,0.9016393442622952,0.9043715846994536,1.0601092896174864,1.0,0.0081967213114754,-0.0081967213114754,-0.0027322404371585,0.0,0.0027322404371585
phase8_human_activity_recognition_seed_53,human_activity_recognition,53,9a85a50e75975006,2879d2006040bb4b,e4b3645,True,False,False,logistic_regression,conformal_harm_recursive,556,556,selection_train+tune_crossfit,53,-1,True,True,5.0,-0.0081018518518518,0.005324074074074,0.015162037037037,0.0956935306785575,0.1,base,aps,,,20,354,0.9689265536723164,0.940677966101695,0.9943502824858758,1.0,0.9519774011299436,0.9350282485875706,1.0112994350282485,1.0,0.0169491525423728,0.0056497175141243,-0.0169491525423727,0.0,0.0169491525423727
phase8_human_activity_recognition_seed_53,human_activity_recognition,53,9a85a50e75975006,2879d2006040bb4b,e4b3645,True,False,False,small_neural_network,all_features,561,561,none,53,-1,True,True,,,,,,0.1,base,aps,,,4,317,0.9526813880126184,0.9242902208201892,1.003154574132492,1.0,0.9526813880126184,0.9242902208201892,1.003154574132492,1.0,0.0,0.0,0.0,0.0,-0.0
phase8_human_activity_recognition_seed_53,human_activity_recognition,53,9a85a50e75975006,2879d2006040bb4b,e4b3645,True,False,False,small_neural_network,all_features,561,561,none,53,-1,True,True,,,,,,0.1,base,aps,,,7,308,0.9123376623376624,0.9025974025974026,1.068181818181818,2.0,0.9123376623376624,0.9025974025974026,1.068181818181818,2.0,0.0,0.0,0.0,0.0,-0.0
phase8_human_activity_recognition_seed_53,human_activity_recognition,53,9a85a50e75975006,2879d2006040bb4b,e4b3645,True,False,False,small_neural_network,all_features,561,561,none,53,-1,True,True,,,,,,0.1,base,aps,,,15,328,0.9939024390243902,0.9542682926829268,0.9939024390243902,1.0,0.9939024390243902,0.9542682926829268,0.9939024390243902,1.0,0.0,0.0,0.0,0.0,-0.0
phase8_human_activity_recognition_seed_53,human_activity_recognition,53,9a85a50e75975006,2879d2006040bb4b,e4b3645,True,False,False,small_neural_network,all_features,561,561,none,53,-1,True,True,,,,,,0.1,base,aps,,,16,366,0.9043715846994536,0.9043715846994536,1.0546448087431697,1.0,0.9043715846994536,0.9043715846994536,1.0546448087431697,1.0,0.0,0.0,0.0,0.0,-0.0
phase8_human_activity_recognition_seed_53,human_activity_recognition,53,9a85a50e75975006,2879d2006040bb4b,e4b3645,True,False,False,small_neural_network,all_features,561,561,none,53,-1,True,True,,,,,,0.1,base,aps,,,20,354,0.9576271186440678,0.9350282485875706,1.0169491525423728,1.0,0.9576271186440678,0.9350282485875706,1.0169491525423728,1.0,0.0,0.0,0.0,0.0,-0.0
phase8_human_activity_recognition_seed_53,human_activity_recognition,53,9a85a50e75975006,2879d2006040bb4b,e4b3645,True,False,False,small_neural_network,conformal_harm_one_shot,560,560,selection_train+tune_crossfit,53,-1,True,True,1.0,-0.0023148148148148,0.0076388888888888,0.0265046296296296,0.1187318287140441,0.1,base,aps,,,4,317,0.9589905362776026,0.9274447949526814,0.996845425867508,1.0,0.9526813880126184,0.9242902208201892,1.003154574132492,1.0,0.0063091482649842,0.003154574132492,-0.0063091482649841,0.0,0.0063091482649841
phase8_human_activity_recognition_seed_53,human_activity_recognition,53,9a85a50e75975006,2879d2006040bb4b,e4b3645,True,False,False,small_neural_network,conformal_harm_one_shot,560,560,selection_train+tune_crossfit,53,-1,True,True,1.0,-0.0023148148148148,0.0076388888888888,0.0265046296296296,0.1187318287140441,0.1,base,aps,,,7,308,0.9090909090909092,0.8993506493506493,1.051948051948052,1.0,0.9123376623376624,0.9025974025974026,1.068181818181818,2.0,-0.0032467532467532,-0.0032467532467532,-0.0162337662337661,-1.0,0.0162337662337661
phase8_human_activity_recognition_seed_53,human_activity_recognition,53,9a85a50e75975006,2879d2006040bb4b,e4b3645,True,False,False,small_neural_network,conformal_harm_one_shot,560,560,selection_train+tune_crossfit,53,-1,True,True,1.0,-0.0023148148148148,0.0076388888888888,0.0265046296296296,0.1187318287140441,0.1,base,aps,,,15,328,0.9908536585365854,0.951219512195122,0.975609756097561,1.0,0.9939024390243902,0.9542682926829268,0.9939024390243902,1.0,-0.0030487804878048,-0.0030487804878048,-0.0182926829268292,0.0,0.0182926829268292
phase8_human_activity_recognition_seed_53,human_activity_recognition,53,9a85a50e75975006,2879d2006040bb4b,e4b3645,True,False,False,small_neural_network,conformal_harm_one_shot,560,560,selection_train+tune_crossfit,53,-1,True,True,1.0,-0.0023148148148148,0.0076388888888888,0.0265046296296296,0.1187318287140441,0.1,base,aps,,,16,366,0.8989071038251366,0.8907103825136612,1.0382513661202186,1.0,0.9043715846994536,0.9043715846994536,1.0546448087431697,1.0,-0.0054644808743169,-0.0136612021857923,-0.0163934426229508,0.0,0.0163934426229508
phase8_human_activity_recognition_seed_53,human_activity_recognition,53,9a85a50e75975006,2879d2006040bb4b,e4b3645,True,False,False,small_neural_network,conformal_harm_one_shot,560,560,selection_train+tune_crossfit,53,-1,True,True,1.0,-0.0023148148148148,0.0076388888888888,0.0265046296296296,0.1187318287140441,0.1,base,aps,,,20,354,0.9661016949152542,0.9463276836158192,0.9943502824858758,1.0,0.9576271186440678,0.9350282485875706,1.0169491525423728,1.0,0.0084745762711864,0.0112994350282485,-0.022598870056497,0.0,0.022598870056497
phase8_human_activity_recognition_seed_53,human_activity_recognition,53,9a85a50e75975006,2879d2006040bb4b,e4b3645,True,False,False,small_neural_network,conformal_harm_recursive,556,556,selection_train+tune_crossfit,53,-1,True,True,5.0,-0.0052083333333333,0.005324074074074,0.0356481481481481,0.1122852033637094,0.1,base,aps,,,4,317,0.9652996845425869,0.9337539432176656,1.0,1.0,0.9526813880126184,0.9242902208201892,1.003154574132492,1.0,0.0126182965299684,0.0094637223974762,-0.003154574132492,0.0,0.003154574132492
phase8_human_activity_recognition_seed_53,human_activity_recognition,53,9a85a50e75975006,2879d2006040bb4b,e4b3645,True,False,False,small_neural_network,conformal_harm_recursive,556,556,selection_train+tune_crossfit,53,-1,True,True,5.0,-0.0052083333333333,0.005324074074074,0.0356481481481481,0.1122852033637094,0.1,base,aps,,,7,308,0.905844155844156,0.905844155844156,1.051948051948052,1.0,0.9123376623376624,0.9025974025974026,1.068181818181818,2.0,-0.0064935064935064,0.0032467532467532,-0.0162337662337661,-1.0,0.0162337662337661
phase8_human_activity_recognition_seed_53,human_activity_recognition,53,9a85a50e75975006,2879d2006040bb4b,e4b3645,True,False,False,small_neural_network,conformal_harm_recursive,556,556,selection_train+tune_crossfit,53,-1,True,True,5.0,-0.0052083333333333,0.005324074074074,0.0356481481481481,0.1122852033637094,0.1,base,aps,,,15,328,0.9908536585365854,0.9603658536585366,0.9786585365853658,1.0,0.9939024390243902,0.9542682926829268,0.9939024390243902,1.0,-0.0030487804878048,0.0060975609756097,-0.0152439024390244,0.0,0.0152439024390244
phase8_human_activity_recognition_seed_53,human_activity_recognition,53,9a85a50e75975006,2879d2006040bb4b,e4b3645,True,False,False,small_neural_network,conformal_harm_recursive,556,556,selection_train+tune_crossfit,53,-1,True,True,5.0,-0.0052083333333333,0.005324074074074,0.0356481481481481,0.1122852033637094,0.1,base,aps,,,16,366,0.8989071038251366,0.8879781420765027,1.0273224043715847,1.0,0.9043715846994536,0.9043715846994536,1.0546448087431697,1.0,-0.0054644808743169,-0.0163934426229508,-0.0273224043715847,0.0,0.0273224043715847
phase8_human_activity_recognition_seed_53,human_activity_recognition,53,9a85a50e75975006,2879d2006040bb4b,e4b3645,True,False,False,small_neural_network,conformal_harm_recursive,556,556,selection_train+tune_crossfit,53,-1,True,True,5.0,-0.0052083333333333,0.005324074074074,0.0356481481481481,0.1122852033637094,0.1,base,aps,,,20,354,0.943502824858757,0.9265536723163842,1.0141242937853108,1.0,0.9576271186440678,0.9350282485875706,1.0169491525423728,1.0,-0.0141242937853107,-0.0084745762711864,-0.002824858757062,0.0,0.002824858757062
phase8_human_activity_recognition_seed_54,human_activity_recognition,54,0295bc0921aa4251,1b5c67af4f19da3a,e4b3645,True,False,False,logistic_regression,all_features,561,561,none,54,-1,True,True,,,,,,0.1,base,aps,,,2,302,0.9801324503311258,0.9470198675496688,0.9834437086092715,1.0,0.9801324503311258,0.9470198675496688,0.9834437086092715,1.0,0.0,0.0,0.0,0.0,-0.0
phase8_human_activity_recognition_seed_54,human_activity_recognition,54,0295bc0921aa4251,1b5c67af4f19da3a,e4b3645,True,False,False,logistic_regression,all_features,561,561,none,54,-1,True,True,,,,,,0.1,base,aps,,,10,294,0.9387755102040816,0.9183673469387756,1.030612244897959,1.0,0.9387755102040816,0.9183673469387756,1.030612244897959,1.0,0.0,0.0,0.0,0.0,-0.0
phase8_human_activity_recognition_seed_54,human_activity_recognition,54,0295bc0921aa4251,1b5c67af4f19da3a,e4b3645,True,False,False,logistic_regression,all_features,561,561,none,54,-1,True,True,,,,,,0.1,base,aps,,,18,364,0.9148351648351648,0.8681318681318682,1.0054945054945057,1.0,0.9148351648351648,0.8681318681318682,1.0054945054945057,1.0,0.0,0.0,0.0,0.0,-0.0
phase8_human_activity_recognition_seed_54,human_activity_recognition,54,0295bc0921aa4251,1b5c67af4f19da3a,e4b3645,True,False,False,logistic_regression,all_features,561,561,none,54,-1,True,True,,,,,,0.1,base,aps,,,19,360,0.9416666666666668,0.8944444444444445,1.0055555555555555,1.0,0.9416666666666668,0.8944444444444445,1.0055555555555555,1.0,0.0,0.0,0.0,0.0,-0.0
phase8_human_activity_recognition_seed_54,human_activity_recognition,54,0295bc0921aa4251,1b5c67af4f19da3a,e4b3645,True,False,False,logistic_regression,all_features,561,561,none,54,-1,True,True,,,,,,0.1,base,aps,,,23,372,0.978494623655914,0.9112903225806452,0.946236559139785,1.0,0.978494623655914,0.9112903225806452,0.946236559139785,1.0,0.0,0.0,0.0,0.0,-0.0
phase8_human_activity_recognition_seed_54,human_activity_recognition,54,0295bc0921aa4251,1b5c67af4f19da3a,e4b3645,True,False,False,logistic_regression,conformal_harm_one_shot,556,556,selection_train+tune_crossfit,54,-1,True,True,5.0,-0.0058004640371229,0.0067285382830627,0.0091647331786542,0.0950293605497039,0.1,base,aps,,,2,302,0.9867549668874172,0.9503311258278144,0.9867549668874172,1.0,0.9801324503311258,0.9470198675496688,0.9834437086092715,1.0,0.0066225165562914,0.0033112582781457,0.0033112582781457,0.0,-0.0033112582781457
phase8_human_activity_recognition_seed_54,human_activity_recognition,54,0295bc0921aa4251,1b5c67af4f19da3a,e4b3645,True,False,False,logistic_regression,conformal_harm_one_shot,556,556,selection_train+tune_crossfit,54,-1,True,True,5.0,-0.0058004640371229,0.0067285382830627,0.0091647331786542,0.0950293605497039,0.1,base,aps,,,10,294,0.9387755102040816,0.9217687074829932,1.0170068027210883,1.0,0.9387755102040816,0.9183673469387756,1.030612244897959,1.0,0.0,0.0034013605442176,-0.0136054421768707,0.0,0.0136054421768707
phase8_human_activity_recognition_seed_54,human_activity_recognition,54,0295bc0921aa4251,1b5c67af4f19da3a,e4b3645,True,False,False,logistic_regression,conformal_harm_one_shot,556,556,selection_train+tune_crossfit,54,-1,True,True,5.0,-0.0058004640371229,0.0067285382830627,0.0091647331786542,0.0950293605497039,0.1,base,aps,,,18,364,0.9148351648351648,0.8791208791208791,1.0274725274725274,1.0,0.9148351648351648,0.8681318681318682,1.0054945054945057,1.0,0.0,0.0109890109890109,0.0219780219780219,0.0,-0.0219780219780219
phase8_human_activity_recognition_seed_54,human_activity_recognition,54,0295bc0921aa4251,1b5c67af4f19da3a,e4b3645,True,False,False,logistic_regression,conformal_harm_one_shot,556,556,selection_train+tune_crossfit,54,-1,True,True,5.0,-0.0058004640371229,0.0067285382830627,0.0091647331786542,0.0950293605497039,0.1,base,aps,,,19,360,0.9416666666666668,0.8888888888888888,1.0083333333333333,1.0,0.9416666666666668,0.8944444444444445,1.0055555555555555,1.0,0.0,-0.0055555555555556,0.0027777777777777,0.0,-0.0027777777777777
phase8_human_activity_recognition_seed_54,human_activity_recognition,54,0295bc0921aa4251,1b5c67af4f19da3a,e4b3645,True,False,False,logistic_regression,conformal_harm_one_shot,556,556,selection_train+tune_crossfit,54,-1,True,True,5.0,-0.0058004640371229,0.0067285382830627,0.0091647331786542,0.0950293605497039,0.1,base,aps,,,23,372,0.9731182795698924,0.913978494623656,0.9543010752688172,1.0,0.978494623655914,0.9112903225806452,0.946236559139785,1.0,-0.0053763440860215,0.0026881720430107,0.0080645161290322,0.0,-0.0080645161290322
phase8_human_activity_recognition_seed_54,human_activity_recognition,54,0295bc0921aa4251,1b5c67af4f19da3a,e4b3645,True,False,False,logistic_regression,conformal_harm_recursive,556,556,selection_train+tune_crossfit,54,-1,True,True,5.0,-0.0063805104408352,0.0078886310904872,0.0124129930394431,0.0873094487583766,0.1,base,aps,,,2,302,0.9801324503311258,0.9503311258278144,0.9900662251655628,1.0,0.9801324503311258,0.9470198675496688,0.9834437086092715,1.0,0.0,0.0033112582781457,0.0066225165562913,0.0,-0.0066225165562913
phase8_human_activity_recognition_seed_54,human_activity_recognition,54,0295bc0921aa4251,1b5c67af4f19da3a,e4b3645,True,False,False,logistic_regression,conformal_harm_recursive,556,556,selection_train+tune_crossfit,54,-1,True,True,5.0,-0.0063805104408352,0.0078886310904872,0.0124129930394431,0.0873094487583766,0.1,base,aps,,,10,294,0.9387755102040816,0.9285714285714286,1.04421768707483,1.0,0.9387755102040816,0.9183673469387756,1.030612244897959,1.0,0.0,0.010204081632653,0.0136054421768707,0.0,-0.0136054421768707
phase8_human_activity_recognition_seed_54,human_activity_recognition,54,0295bc0921aa4251,1b5c67af4f19da3a,e4b3645,True,False,False,logistic_regression,conformal_harm_recursive,556,556,selection_train+tune_crossfit,54,-1,True,True,5.0,-0.0063805104408352,0.0078886310904872,0.0124129930394431,0.0873094487583766,0.1,base,aps,,,18,364,0.9203296703296704,0.8818681318681318,1.021978021978022,1.0,0.9148351648351648,0.8681318681318682,1.0054945054945057,1.0,0.0054945054945054,0.0137362637362636,0.0164835164835164,0.0,-0.0164835164835164
phase8_human_activity_recognition_seed_54,human_activity_recognition,54,0295bc0921aa4251,1b5c67af4f19da3a,e4b3645,True,False,False,logistic_regression,conformal_harm_recursive,556,556,selection_train+tune_crossfit,54,-1,True,True,5.0,-0.0063805104408352,0.0078886310904872,0.0124129930394431,0.0873094487583766,0.1,base,aps,,,19,360,0.9416666666666668,0.8916666666666667,1.0055555555555555,1.0,0.9416666666666668,0.8944444444444445,1.0055555555555555,1.0,0.0,-0.0027777777777777,0.0,0.0,-0.0
phase8_human_activity_recognition_seed_54,human_activity_recognition,54,0295bc0921aa4251,1b5c67af4f19da3a,e4b3645,True,False,False,logistic_regression,conformal_harm_recursive,556,556,selection_train+tune_crossfit,54,-1,True,True,5.0,-0.0063805104408352,0.0078886310904872,0.0124129930394431,0.0873094487583766,0.1,base,aps,,,23,372,0.978494623655914,0.9193548387096774,0.9623655913978496,1.0,0.978494623655914,0.9112903225806452,0.946236559139785,1.0,0.0,0.0080645161290322,0.0161290322580645,0.0,-0.0161290322580645
phase8_human_activity_recognition_seed_54,human_activity_recognition,54,0295bc0921aa4251,1b5c67af4f19da3a,e4b3645,True,False,False,small_neural_network,all_features,561,561,none,54,-1,True,True,,,,,,0.1,base,aps,,,2,302,0.9668874172185432,0.9403973509933776,1.0066225165562914,1.0,0.9668874172185432,0.9403973509933776,1.0066225165562914,1.0,0.0,0.0,0.0,0.0,-0.0
phase8_human_activity_recognition_seed_54,human_activity_recognition,54,0295bc0921aa4251,1b5c67af4f19da3a,e4b3645,True,False,False,small_neural_network,all_features,561,561,none,54,-1,True,True,,,,,,0.1,base,aps,,,10,294,0.8945578231292517,0.8945578231292517,1.0816326530612246,2.0,0.8945578231292517,0.8945578231292517,1.0816326530612246,2.0,0.0,0.0,0.0,0.0,-0.0
phase8_human_activity_recognition_seed_54,human_activity_recognition,54,0295bc0921aa4251,1b5c67af4f19da3a,e4b3645,True,False,False,small_neural_network,all_features,561,561,none,54,-1,True,True,,,,,,0.1,base,aps,,,18,364,0.8901098901098901,0.8461538461538461,1.0137362637362637,1.0,0.8901098901098901,0.8461538461538461,1.0137362637362637,1.0,0.0,0.0,0.0,0.0,-0.0
phase8_human_activity_recognition_seed_54,human_activity_recognition,54,0295bc0921aa4251,1b5c67af4f19da3a,e4b3645,True,False,False,small_neural_network,all_features,561,561,none,54,-1,True,True,,,,,,0.1,base,aps,,,19,360,0.9111111111111112,0.8833333333333333,1.022222222222222,1.0,0.9111111111111112,0.8833333333333333,1.022222222222222,1.0,0.0,0.0,0.0,0.0,-0.0
phase8_human_activity_recognition_seed_54,human_activity_recognition,54,0295bc0921aa4251,1b5c67af4f19da3a,e4b3645,True,False,False,small_neural_network,all_features,561,561,none,54,-1,True,True,,,,,,0.1,base,aps,,,23,372,0.9274193548387096,0.8817204301075269,1.0026881720430108,1.0,0.9274193548387096,0.8817204301075269,1.0026881720430108,1.0,0.0,0.0,0.0,0.0,-0.0
phase8_human_activity_recognition_seed_54,human_activity_recognition,54,0295bc0921aa4251,1b5c67af4f19da3a,e4b3645,True,False,False,small_neural_network,conformal_harm_one_shot,560,560,selection_train+tune_crossfit,54,-1,True,True,1.0,-0.019721577726218,0.0107888631090488,0.0465197215777261,0.1010907971576112,0.1,base,aps,,,2,302,0.9834437086092715,0.9503311258278144,0.9966887417218544,1.0,0.9668874172185432,0.9403973509933776,1.0066225165562914,1.0,0.0165562913907284,0.009933774834437,-0.0099337748344371,0.0,0.0099337748344371
phase8_human_activity_recognition_seed_54,human_activity_recognition,54,0295bc0921aa4251,1b5c67af4f19da3a,e4b3645,True,False,False,small_neural_network,conformal_harm_one_shot,560,560,selection_train+tune_crossfit,54,-1,True,True,1.0,-0.019721577726218,0.0107888631090488,0.0465197215777261,0.1010907971576112,0.1,base,aps,,,10,294,0.9047619047619048,0.91156462585034,1.0816326530612246,2.0,0.8945578231292517,0.8945578231292517,1.0816326530612246,2.0,0.010204081632653,0.0170068027210884,0.0,0.0,-0.0
phase8_human_activity_recognition_seed_54,human_activity_recognition,54,0295bc0921aa4251,1b5c67af4f19da3a,e4b3645,True,False,False,small_neural_network,conformal_harm_one_shot,560,560,selection_train+tune_crossfit,54,-1,True,True,1.0,-0.019721577726218,0.0107888631090488,0.0465197215777261,0.1010907971576112,0.1,base,aps,,,18,364,0.9175824175824177,0.8708791208791209,0.9945054945054944,1.0,0.8901098901098901,0.8461538461538461,1.0137362637362637,1.0,0.0274725274725274,0.0247252747252747,-0.0192307692307691,0.0,0.0192307692307691
phase8_human_activity_recognition_seed_54,human_activity_recognition,54,0295bc0921aa4251,1b5c67af4f19da3a,e4b3645,True,False,False,small_neural_network,conformal_harm_one_shot,560,560,selection_train+tune_crossfit,54,-1,True,True,1.0,-0.019721577726218,0.0107888631090488,0.0465197215777261,0.1010907971576112,0.1,base,aps,,,19,360,0.9083333333333332,0.8777777777777778,1.0,1.0,0.9111111111111112,0.8833333333333333,1.022222222222222,1.0,-0.0027777777777777,-0.0055555555555555,-0.0222222222222221,0.0,0.0222222222222221
phase8_human_activity_recognition_seed_54,human_activity_recognition,54,0295bc0921aa4251,1b5c67af4f19da3a,e4b3645,True,False,False,small_neural_network,conformal_harm_one_shot,560,560,selection_train+tune_crossfit,54,-1,True,True,1.0,-0.019721577726218,0.0107888631090488,0.0465197215777261,0.1010907971576112,0.1,base,aps,,,23,372,0.9731182795698924,0.9166666666666666,0.9623655913978496,1.0,0.9274193548387096,0.8817204301075269,1.0026881720430108,1.0,0.0456989247311828,0.0349462365591397,-0.0403225806451612,0.0,0.0403225806451612
phase8_human_activity_recognition_seed_54,human_activity_recognition,54,0295bc0921aa4251,1b5c67af4f19da3a,e4b3645,True,False,False,small_neural_network,conformal_harm_recursive,559,559,selection_train+tune_crossfit,54,-1,True,True,2.0,-0.0278422273781902,0.0131090487238979,0.0605568445475638,0.1111926761521455,0.1,base,aps,,,2,302,0.9834437086092715,0.9602649006622516,1.0066225165562914,1.0,0.9668874172185432,0.9403973509933776,1.0066225165562914,1.0,0.0165562913907284,0.0198675496688741,0.0,0.0,-0.0
phase8_human_activity_recognition_seed_54,human_activity_recognition,54,0295bc0921aa4251,1b5c67af4f19da3a,e4b3645,True,False,False,small_neural_network,conformal_harm_recursive,559,559,selection_train+tune_crossfit,54,-1,True,True,2.0,-0.0278422273781902,0.0131090487238979,0.0605568445475638,0.1111926761521455,0.1,base,aps,,,10,294,0.9183673469387756,0.91156462585034,1.064625850340136,1.0,0.8945578231292517,0.8945578231292517,1.0816326530612246,2.0,0.0238095238095238,0.0170068027210884,-0.0170068027210885,-1.0,0.0170068027210885
phase8_human_activity_recognition_seed_54,human_activity_recognition,54,0295bc0921aa4251,1b5c67af4f19da3a,e4b3645,True,False,False,small_neural_network,conformal_harm_recursive,559,559,selection_train+tune_crossfit,54,-1,True,True,2.0,-0.0278422273781902,0.0131090487238979,0.0605568445475638,0.1111926761521455,0.1,base,aps,,,18,364,0.9093406593406592,0.8846153846153846,1.0192307692307692,1.0,0.8901098901098901,0.8461538461538461,1.0137362637362637,1.0,0.0192307692307692,0.0384615384615384,0.0054945054945054,0.0,-0.0054945054945054
phase8_human_activity_recognition_seed_54,human_activity_recognition,54,0295bc0921aa4251,1b5c67af4f19da3a,e4b3645,True,False,False,small_neural_network,conformal_harm_recursive,559,559,selection_train+tune_crossfit,54,-1,True,True,2.0,-0.0278422273781902,0.0131090487238979,0.0605568445475638,0.1111926761521455,0.1,base,aps,,,19,360,0.9277777777777778,0.9166666666666666,1.0527777777777778,1.0,0.9111111111111112,0.8833333333333333,1.022222222222222,1.0,0.0166666666666667,0.0333333333333333,0.0305555555555556,0.0,-0.0305555555555556
phase8_human_activity_recognition_seed_54,human_activity_recognition,54,0295bc0921aa4251,1b5c67af4f19da3a,e4b3645,True,False,False,small_neural_network,conformal_harm_recursive,559,559,selection_train+tune_crossfit,54,-1,True,True,2.0,-0.0278422273781902,0.0131090487238979,0.0605568445475638,0.1111926761521455,0.1,base,aps,,,23,372,0.9731182795698924,0.9301075268817204,0.9731182795698924,1.0,0.9274193548387096,0.8817204301075269,1.0026881720430108,1.0,0.0456989247311828,0.0483870967741935,-0.0295698924731182,0.0,0.0295698924731182
phase8_human_activity_recognition_seed_55,human_activity_recognition,55,b0ccc845dd4c51b5,96efc499bdaac91c,e4b3645,True,False,False,logistic_regression,all_features,561,561,none,55,-1,True,True,,,,,,0.1,base,aps,,,2,302,0.9933774834437086,0.9039735099337748,0.9370860927152318,1.0,0.9933774834437086,0.9039735099337748,0.9370860927152318,1.0,0.0,0.0,0.0,0.0,-0.0
phase8_human_activity_recognition_seed_55,human_activity_recognition,55,b0ccc845dd4c51b5,96efc499bdaac91c,e4b3645,True,False,False,logistic_regression,all_features,561,561,none,55,-1,True,True,,,,,,0.1,base,aps,,,6,325,0.8430769230769231,0.8492307692307692,1.0646153846153843,2.0,0.8430769230769231,0.8492307692307692,1.0646153846153843,2.0,0.0,0.0,0.0,0.0,-0.0
phase8_human_activity_recognition_seed_55,human_activity_recognition,55,b0ccc845dd4c51b5,96efc499bdaac91c,e4b3645,True,False,False,logistic_regression,all_features,561,561,none,55,-1,True,True,,,,,,0.1,base,aps,,,13,327,0.9877675840978594,0.9296636085626911,0.9602446483180428,1.0,0.9877675840978594,0.9296636085626911,0.9602446483180428,1.0,0.0,0.0,0.0,0.0,-0.0
phase8_human_activity_recognition_seed_55,human_activity_recognition,55,b0ccc845dd4c51b5,96efc499bdaac91c,e4b3645,True,False,False,logistic_regression,all_features,561,561,none,55,-1,True,True,,,,,,0.1,base,aps,,,19,360,0.9166666666666666,0.9027777777777778,1.025,1.0,0.9166666666666666,0.9027777777777778,1.025,1.0,0.0,0.0,0.0,0.0,-0.0
phase8_human_activity_recognition_seed_55,human_activity_recognition,55,b0ccc845dd4c51b5,96efc499bdaac91c,e4b3645,True,False,False,logistic_regression,all_features,561,561,none,55,-1,True,True,,,,,,0.1,base,aps,,,23,372,0.9838709677419356,0.9327956989247312,0.9704301075268816,1.0,0.9838709677419356,0.9327956989247312,0.9704301075268816,1.0,0.0,0.0,0.0,0.0,-0.0
phase8_human_activity_recognition_seed_55,human_activity_recognition,55,b0ccc845dd4c51b5,96efc499bdaac91c,e4b3645,True,False,False,logistic_regression,conformal_harm_one_shot,556,556,selection_train+tune_crossfit,55,-1,True,True,5.0,-0.0017321016166281,0.0143187066974596,0.007852193995381,0.1128763285055093,0.1,base,aps,,,2,302,0.9933774834437086,0.9039735099337748,0.9304635761589404,1.0,0.9933774834437086,0.9039735099337748,0.9370860927152318,1.0,0.0,0.0,-0.0066225165562914,0.0,0.0066225165562914
phase8_human_activity_recognition_seed_55,human_activity_recognition,55,b0ccc845dd4c51b5,96efc499bdaac91c,e4b3645,True,False,False,logistic_regression,conformal_harm_one_shot,556,556,selection_train+tune_crossfit,55,-1,True,True,5.0,-0.0017321016166281,0.0143187066974596,0.007852193995381,0.1128763285055093,0.1,base,aps,,,6,325,0.8492307692307692,0.8461538461538461,1.0461538461538462,1.0,0.8430769230769231,0.8492307692307692,1.0646153846153843,2.0,0.0061538461538461,-0.003076923076923,-0.0184615384615383,-1.0,0.0184615384615383
phase8_human_activity_recognition_seed_55,human_activity_recognition,55,b0ccc845dd4c51b5,96efc499bdaac91c,e4b3645,True,False,False,logistic_regression,conformal_harm_one_shot,556,556,selection_train+tune_crossfit,55,-1,True,True,5.0,-0.0017321016166281,0.0143187066974596,0.007852193995381,0.1128763285055093,0.1,base,aps,,,13,327,0.9908256880733946,0.9357798165137616,0.9602446483180428,1.0,0.9877675840978594,0.9296636085626911,0.9602446483180428,1.0,0.0030581039755351,0.0061162079510703,0.0,0.0,-0.0
phase8_human_activity_recognition_seed_55,human_activity_recognition,55,b0ccc845dd4c51b5,96efc499bdaac91c,e4b3645,True,False,False,logistic_regression,conformal_harm_one_shot,556,556,selection_train+tune_crossfit,55,-1,True,True,5.0,-0.0017321016166281,0.0143187066974596,0.007852193995381,0.1128763285055093,0.1,base,aps,,,19,360,0.9222222222222224,0.9,1.011111111111111,1.0,0.9166666666666666,0.9027777777777778,1.025,1.0,0.0055555555555556,-0.0027777777777777,-0.0138888888888888,0.0,0.0138888888888888
phase8_human_activity_recognition_seed_55,human_activity_recognition,55,b0ccc845dd4c51b5,96efc499bdaac91c,e4b3645,True,False,False,logistic_regression,conformal_harm_one_shot,556,556,selection_train+tune_crossfit,55,-1,True,True,5.0,-0.0017321016166281,0.0143187066974596,0.007852193995381,0.1128763285055093,0.1,base,aps,,,23,372,0.9811827956989247,0.9274193548387096,0.9704301075268816,1.0,0.9838709677419356,0.9327956989247312,0.9704301075268816,1.0,-0.0026881720430107,-0.0053763440860215,0.0,0.0,-0.0
phase8_human_activity_recognition_seed_55,human_activity_recognition,55,b0ccc845dd4c51b5,96efc499bdaac91c,e4b3645,True,False,False,logistic_regression,conformal_harm_recursive,556,556,selection_train+tune_crossfit,55,-1,True,True,5.0,-0.0005773672055426,0.0200923787528868,0.0135103926096997,0.1016950384457381,0.1,base,aps,,,2,302,0.9900662251655628,0.9039735099337748,0.933774834437086,1.0,0.9933774834437086,0.9039735099337748,0.9370860927152318,1.0,-0.0033112582781457,0.0,-0.0033112582781457,0.0,0.0033112582781457
phase8_human_activity_recognition_seed_55,human_activity_recognition,55,b0ccc845dd4c51b5,96efc499bdaac91c,e4b3645,True,False,False,logistic_regression,conformal_harm_recursive,556,556,selection_train+tune_crossfit,55,-1,True,True,5.0,-0.0005773672055426,0.0200923787528868,0.0135103926096997,0.1016950384457381,0.1,base,aps,,,6,325,0.84,0.84,1.0769230769230769,2.0,0.8430769230769231,0.8492307692307692,1.0646153846153843,2.0,-0.003076923076923,-0.0092307692307692,0.0123076923076923,0.0,-0.0123076923076923
phase8_human_activity_recognition_seed_55,human_activity_recognition,55,b0ccc845dd4c51b5,96efc499bdaac91c,e4b3645,True,False,False,logistic_regression,conformal_harm_recursive,556,556,selection_train+tune_crossfit,55,-1,True,True,5.0,-0.0005773672055426,0.0200923787528868,0.0135103926096997,0.1016950384457381,0.1,base,aps,,,13,327,0.9877675840978594,0.926605504587156,0.9541284403669724,1.0,0.9877675840978594,0.9296636085626911,0.9602446483180428,1.0,0.0,-0.0030581039755351,-0.0061162079510702,0.0,0.0061162079510702
phase8_human_activity_recognition_seed_55,human_activity_recognition,55,b0ccc845dd4c51b5,96efc499bdaac91c,e4b3645,True,False,False,logistic_regression,conformal_harm_recursive,556,556,selection_train+tune_crossfit,55,-1,True,True,5.0,-0.0005773672055426,0.0200923787528868,0.0135103926096997,0.1016950384457381,0.1,base,aps,,,19,360,0.9138888888888888,0.8972222222222223,1.0194444444444444,1.0,0.9166666666666666,0.9027777777777778,1.025,1.0,-0.0027777777777777,-0.0055555555555555,-0.0055555555555555,0.0,0.0055555555555555
phase8_human_activity_recognition_seed_55,human_activity_recognition,55,b0ccc845dd4c51b5,96efc499bdaac91c,e4b3645,True,False,False,logistic_regression,conformal_harm_recursive,556,556,selection_train+tune_crossfit,55,-1,True,True,5.0,-0.0005773672055426,0.0200923787528868,0.0135103926096997,0.1016950384457381,0.1,base,aps,,,23,372,0.9811827956989247,0.9301075268817204,0.9704301075268816,1.0,0.9838709677419356,0.9327956989247312,0.9704301075268816,1.0,-0.0026881720430107,-0.0026881720430107,0.0,0.0,-0.0
phase8_human_activity_recognition_seed_55,human_activity_recognition,55,b0ccc845dd4c51b5,96efc499bdaac91c,e4b3645,True,False,False,small_neural_network,all_features,561,561,none,55,-1,True,True,,,,,,0.1,base,aps,,,2,302,0.9900662251655628,0.9072847682119204,0.9470198675496688,1.0,0.9900662251655628,0.9072847682119204,0.9470198675496688,1.0,0.0,0.0,0.0,0.0,-0.0
phase8_human_activity_recognition_seed_55,human_activity_recognition,55,b0ccc845dd4c51b5,96efc499bdaac91c,e4b3645,True,False,False,small_neural_network,all_features,561,561,none,55,-1,True,True,,,,,,0.1,base,aps,,,6,325,0.8338461538461538,0.8430769230769231,1.0861538461538462,2.0,0.8338461538461538,0.8430769230769231,1.0861538461538462,2.0,0.0,0.0,0.0,0.0,-0.0
phase8_human_activity_recognition_seed_55,human_activity_recognition,55,b0ccc845dd4c51b5,96efc499bdaac91c,e4b3645,True,False,False,small_neural_network,all_features,561,561,none,55,-1,True,True,,,,,,0.1,base,aps,,,13,327,0.9908256880733946,0.9327217125382264,0.9663608562691132,1.0,0.9908256880733946,0.9327217125382264,0.9663608562691132,1.0,0.0,0.0,0.0,0.0,-0.0
phase8_human_activity_recognition_seed_55,human_activity_recognition,55,b0ccc845dd4c51b5,96efc499bdaac91c,e4b3645,True,False,False,small_neural_network,all_features,561,561,none,55,-1,True,True,,,,,,0.1,base,aps,,,19,360,0.8833333333333333,0.8611111111111112,1.011111111111111,1.0,0.8833333333333333,0.8611111111111112,1.011111111111111,1.0,0.0,0.0,0.0,0.0,-0.0
phase8_human_activity_recognition_seed_55,human_activity_recognition,55,b0ccc845dd4c51b5,96efc499bdaac91c,e4b3645,True,False,False,small_neural_network,all_features,561,561,none,55,-1,True,True,,,,,,0.1,base,aps,,,23,372,0.9865591397849462,0.9435483870967742,0.978494623655914,1.0,0.9865591397849462,0.9435483870967742,0.978494623655914,1.0,0.0,0.0,0.0,0.0,-0.0
phase8_human_activity_recognition_seed_55,human_activity_recognition,55,b0ccc845dd4c51b5,96efc499bdaac91c,e4b3645,True,False,False,small_neural_network,conformal_harm_one_shot,560,560,selection_train+tune_crossfit,55,-1,True,True,1.0,-0.0040415704387989,0.0189376443418013,0.0173210161662817,0.1105160552098977,0.1,base,aps,,,2,302,0.9801324503311258,0.9238410596026492,0.9635761589403974,1.0,0.9900662251655628,0.9072847682119204,0.9470198675496688,1.0,-0.009933774834437,0.0165562913907285,0.0165562913907285,0.0,-0.0165562913907285
phase8_human_activity_recognition_seed_55,human_activity_recognition,55,b0ccc845dd4c51b5,96efc499bdaac91c,e4b3645,True,False,False,small_neural_network,conformal_harm_one_shot,560,560,selection_train+tune_crossfit,55,-1,True,True,1.0,-0.0040415704387989,0.0189376443418013,0.0173210161662817,0.1105160552098977,0.1,base,aps,,,6,325,0.84,0.8553846153846154,1.0861538461538462,2.0,0.8338461538461538,0.8430769230769231,1.0861538461538462,2.0,0.0061538461538461,0.0123076923076923,0.0,0.0,-0.0
phase8_human_activity_recognition_seed_55,human_activity_recognition,55,b0ccc845dd4c51b5,96efc499bdaac91c,e4b3645,True,False,False,small_neural_network,conformal_harm_one_shot,560,560,selection_train+tune_crossfit,55,-1,True,True,1.0,-0.0040415704387989,0.0189376443418013,0.0173210161662817,0.1105160552098977,0.1,base,aps,,,13,327,0.9877675840978594,0.9510703363914372,0.981651376146789,1.0,0.9908256880733946,0.9327217125382264,0.9663608562691132,1.0,-0.0030581039755351,0.018348623853211,0.0152905198776758,0.0,-0.0152905198776758
phase8_human_activity_recognition_seed_55,human_activity_recognition,55,b0ccc845dd4c51b5,96efc499bdaac91c,e4b3645,True,False,False,small_neural_network,conformal_harm_one_shot,560,560,selection_train+tune_crossfit,55,-1,True,True,1.0,-0.0040415704387989,0.0189376443418013,0.0173210161662817,0.1105160552098977,0.1,base,aps,,,19,360,0.8916666666666667,0.8805555555555555,1.0194444444444444,1.0,0.8833333333333333,0.8611111111111112,1.011111111111111,1.0,0.0083333333333334,0.0194444444444443,0.0083333333333333,0.0,-0.0083333333333333
phase8_human_activity_recognition_seed_55,human_activity_recognition,55,b0ccc845dd4c51b5,96efc499bdaac91c,e4b3645,True,False,False,small_neural_network,conformal_harm_one_shot,560,560,selection_train+tune_crossfit,55,-1,True,True,1.0,-0.0040415704387989,0.0189376443418013,0.0173210161662817,0.1105160552098977,0.1,base,aps,,,23,372,0.9811827956989247,0.946236559139785,0.978494623655914,1.0,0.9865591397849462,0.9435483870967742,0.978494623655914,1.0,-0.0053763440860215,0.0026881720430107,0.0,0.0,-0.0
phase8_human_activity_recognition_seed_55,human_activity_recognition,55,b0ccc845dd4c51b5,96efc499bdaac91c,e4b3645,True,False,False,small_neural_network,conformal_harm_recursive,559,559,selection_train+tune_crossfit,55,-1,True,True,2.0,-0.0046189376443417,0.0143187066974596,0.0174364896073903,0.1270886075949367,0.1,base,aps,,,2,302,0.9867549668874172,0.9304635761589404,0.9635761589403974,1.0,0.9900662251655628,0.9072847682119204,0.9470198675496688,1.0,-0.0033112582781456,0.0231788079470198,0.0165562913907285,0.0,-0.0165562913907285
phase8_human_activity_recognition_seed_55,human_activity_recognition,55,b0ccc845dd4c51b5,96efc499bdaac91c,e4b3645,True,False,False,small_neural_network,conformal_harm_recursive,559,559,selection_train+tune_crossfit,55,-1,True,True,2.0,-0.0046189376443417,0.0143187066974596,0.0174364896073903,0.1270886075949367,0.1,base,aps,,,6,325,0.8492307692307692,0.8523076923076923,1.0707692307692307,2.0,0.8338461538461538,0.8430769230769231,1.0861538461538462,2.0,0.0153846153846154,0.0092307692307692,-0.0153846153846155,0.0,0.0153846153846155
phase8_human_activity_recognition_seed_55,human_activity_recognition,55,b0ccc845dd4c51b5,96efc499bdaac91c,e4b3645,True,False,False,small_neural_network,conformal_harm_recursive,559,559,selection_train+tune_crossfit,55,-1,True,True,2.0,-0.0046189376443417,0.0143187066974596,0.0174364896073903,0.1270886075949367,0.1,base,aps,,,13,327,0.9877675840978594,0.944954128440367,0.981651376146789,1.0,0.9908256880733946,0.9327217125382264,0.9663608562691132,1.0,-0.0030581039755351,0.0122324159021406,0.0152905198776758,0.0,-0.0152905198776758
phase8_human_activity_recognition_seed_55,human_activity_recognition,55,b0ccc845dd4c51b5,96efc499bdaac91c,e4b3645,True,False,False,small_neural_network,conformal_harm_recursive,559,559,selection_train+tune_crossfit,55,-1,True,True,2.0,-0.0046189376443417,0.0143187066974596,0.0174364896073903,0.1270886075949367,0.1,base,aps,,,19,360,0.9138888888888888,0.8972222222222223,1.0083333333333333,1.0,0.8833333333333333,0.8611111111111112,1.011111111111111,1.0,0.0305555555555555,0.036111111111111,-0.0027777777777777,0.0,0.0027777777777777
phase8_human_activity_recognition_seed_55,human_activity_recognition,55,b0ccc845dd4c51b5,96efc499bdaac91c,e4b3645,True,False,False,small_neural_network,conformal_harm_recursive,559,559,selection_train+tune_crossfit,55,-1,True,True,2.0,-0.0046189376443417,0.0143187066974596,0.0174364896073903,0.1270886075949367,0.1,base,aps,,,23,372,0.9811827956989247,0.946236559139785,0.9865591397849462,1.0,0.9865591397849462,0.9435483870967742,0.978494623655914,1.0,-0.0053763440860215,0.0026881720430107,0.0080645161290322,0.0,-0.0080645161290322
phase8_human_activity_recognition_seed_56,human_activity_recognition,56,2610f41bf8b9f667,f6a89e21e6c85a9e,e4b3645,True,False,False,logistic_regression,all_features,561,561,none,56,-1,True,True,,,,,,0.1,base,aps,,,2,302,0.9801324503311258,0.9304635761589404,0.9668874172185432,1.0,0.9801324503311258,0.9304635761589404,0.9668874172185432,1.0,0.0,0.0,0.0,0.0,-0.0
phase8_human_activity_recognition_seed_56,human_activity_recognition,56,2610f41bf8b9f667,f6a89e21e6c85a9e,e4b3645,True,False,False,logistic_regression,all_features,561,561,none,56,-1,True,True,,,,,,0.1,base,aps,,,4,317,0.9337539432176656,0.9274447949526814,1.0599369085173502,1.0,0.9337539432176656,0.9274447949526814,1.0599369085173502,1.0,0.0,0.0,0.0,0.0,-0.0
phase8_human_activity_recognition_seed_56,human_activity_recognition,56,2610f41bf8b9f667,f6a89e21e6c85a9e,e4b3645,True,False,False,logistic_regression,all_features,561,561,none,56,-1,True,True,,,,,,0.1,base,aps,,,15,328,0.9969512195121952,0.929878048780488,0.9420731707317072,1.0,0.9969512195121952,0.929878048780488,0.9420731707317072,1.0,0.0,0.0,0.0,0.0,-0.0
phase8_human_activity_recognition_seed_56,human_activity_recognition,56,2610f41bf8b9f667,f6a89e21e6c85a9e,e4b3645,True,False,False,logistic_regression,all_features,561,561,none,56,-1,True,True,,,,,,0.1,base,aps,,,16,366,0.8497267759562842,0.8442622950819673,1.0901639344262295,2.0,0.8497267759562842,0.8442622950819673,1.0901639344262295,2.0,0.0,0.0,0.0,0.0,-0.0
phase8_human_activity_recognition_seed_56,human_activity_recognition,56,2610f41bf8b9f667,f6a89e21e6c85a9e,e4b3645,True,False,False,logistic_regression,all_features,561,561,none,56,-1,True,True,,,,,,0.1,base,aps,,,27,376,0.9973404255319148,0.9202127659574468,0.9308510638297872,1.0,0.9973404255319148,0.9202127659574468,0.9308510638297872,1.0,0.0,0.0,0.0,0.0,-0.0
phase8_human_activity_recognition_seed_56,human_activity_recognition,56,2610f41bf8b9f667,f6a89e21e6c85a9e,e4b3645,True,False,False,logistic_regression,conformal_harm_one_shot,557,557,selection_train+tune_crossfit,56,-1,True,True,4.0,-0.0029096872120127,0.0018675123326286,0.0076841762888274,0.0763868783426289,0.1,base,aps,,,2,302,0.9834437086092715,0.933774834437086,0.97682119205298,1.0,0.9801324503311258,0.9304635761589404,0.9668874172185432,1.0,0.0033112582781457,0.0033112582781457,0.009933774834437,0.0,-0.009933774834437
phase8_human_activity_recognition_seed_56,human_activity_recognition,56,2610f41bf8b9f667,f6a89e21e6c85a9e,e4b3645,True,False,False,logistic_regression,conformal_harm_one_shot,557,557,selection_train+tune_crossfit,56,-1,True,True,4.0,-0.0029096872120127,0.0018675123326286,0.0076841762888274,0.0763868783426289,0.1,base,aps,,,4,317,0.9369085173501576,0.9274447949526814,1.0630914826498423,1.0,0.9337539432176656,0.9274447949526814,1.0599369085173502,1.0,0.003154574132492,0.0,0.003154574132492,0.0,-0.003154574132492
phase8_human_activity_recognition_seed_56,human_activity_recognition,56,2610f41bf8b9f667,f6a89e21e6c85a9e,e4b3645,True,False,False,logistic_regression,conformal_harm_one_shot,557,557,selection_train+tune_crossfit,56,-1,True,True,4.0,-0.0029096872120127,0.0018675123326286,0.0076841762888274,0.0763868783426289,0.1,base,aps,,,15,328,0.9969512195121952,0.929878048780488,0.945121951219512,1.0,0.9969512195121952,0.929878048780488,0.9420731707317072,1.0,0.0,0.0,0.0030487804878048,0.0,-0.0030487804878048
phase8_human_activity_recognition_seed_56,human_activity_recognition,56,2610f41bf8b9f667,f6a89e21e6c85a9e,e4b3645,True,False,False,logistic_regression,conformal_harm_one_shot,557,557,selection_train+tune_crossfit,56,-1,True,True,4.0,-0.0029096872120127,0.0018675123326286,0.0076841762888274,0.0763868783426289,0.1,base,aps,,,16,366,0.860655737704918,0.8469945355191257,1.0628415300546448,1.0,0.8497267759562842,0.8442622950819673,1.0901639344262295,2.0,0.0109289617486337,0.0027322404371584,-0.0273224043715847,-1.0,0.0273224043715847
phase8_human_activity_recognition_seed_56,human_activity_recognition,56,2610f41bf8b9f667,f6a89e21e6c85a9e,e4b3645,True,False,False,logistic_regression,conformal_harm_one_shot,557,557,selection_train+tune_crossfit,56,-1,True,True,4.0,-0.0029096872120127,0.0018675123326286,0.0076841762888274,0.0763868783426289,0.1,base,aps,,,27,376,0.9946808510638298,0.9175531914893617,0.928191489361702,1.0,0.9973404255319148,0.9202127659574468,0.9308510638297872,1.0,-0.0026595744680851,-0.0026595744680851,-0.002659574468085,0.0,0.002659574468085
phase8_human_activity_recognition_seed_56,human_activity_recognition,56,2610f41bf8b9f667,f6a89e21e6c85a9e,e4b3645,True,False,False,logistic_regression,conformal_harm_recursive,557,557,selection_train+tune_crossfit,56,-1,True,True,4.0,-0.0040697674418603,0.001868867566542,0.0149051336260638,0.0773549445164854,0.1,base,aps,,,2,302,0.9834437086092715,0.9304635761589404,0.9701986754966888,1.0,0.9801324503311258,0.9304635761589404,0.9668874172185432,1.0,0.0033112582781457,0.0,0.0033112582781456,0.0,-0.0033112582781456
phase8_human_activity_recognition_seed_56,human_activity_recognition,56,2610f41bf8b9f667,f6a89e21e6c85a9e,e4b3645,True,False,False,logistic_regression,conformal_harm_recursive,557,557,selection_train+tune_crossfit,56,-1,True,True,4.0,-0.0040697674418603,0.001868867566542,0.0149051336260638,0.0773549445164854,0.1,base,aps,,,4,317,0.94006309148265,0.9242902208201892,1.056782334384858,1.0,0.9337539432176656,0.9274447949526814,1.0599369085173502,1.0,0.0063091482649842,-0.003154574132492,-0.003154574132492,0.0,0.003154574132492
phase8_human_activity_recognition_seed_56,human_activity_recognition,56,2610f41bf8b9f667,f6a89e21e6c85a9e,e4b3645,True,False,False,logistic_regression,conformal_harm_recursive,557,557,selection_train+tune_crossfit,56,-1,True,True,4.0,-0.0040697674418603,0.001868867566542,0.0149051336260638,0.0773549445164854,0.1,base,aps,,,15,328,0.9969512195121952,0.929878048780488,0.9542682926829268,1.0,0.9969512195121952,0.929878048780488,0.9420731707317072,1.0,0.0,0.0,0.0121951219512195,0.0,-0.0121951219512195
phase8_human_activity_recognition_seed_56,human_activity_recognition,56,2610f41bf8b9f667,f6a89e21e6c85a9e,e4b3645,True,False,False,logistic_regression,conformal_harm_recursive,557,557,selection_train+tune_crossfit,56,-1,True,True,4.0,-0.0040697674418603,0.001868867566542,0.0149051336260638,0.0773549445164854,0.1,base,aps,,,16,366,0.8524590163934426,0.8415300546448088,1.0710382513661203,2.0,0.8497267759562842,0.8442622950819673,1.0901639344262295,2.0,0.0027322404371583,-0.0027322404371584,-0.0191256830601092,0.0,0.0191256830601092
phase8_human_activity_recognition_seed_56,human_activity_recognition,56,2610f41bf8b9f667,f6a89e21e6c85a9e,e4b3645,True,False,False,logistic_regression,conformal_harm_recursive,557,557,selection_train+tune_crossfit,56,-1,True,True,4.0,-0.0040697674418603,0.001868867566542,0.0149051336260638,0.0773549445164854,0.1,base,aps,,,27,376,0.9946808510638298,0.9175531914893617,0.928191489361702,1.0,0.9973404255319148,0.9202127659574468,0.9308510638297872,1.0,-0.0026595744680851,-0.0026595744680851,-0.002659574468085,0.0,0.002659574468085
phase8_human_activity_recognition_seed_56,human_activity_recognition,56,2610f41bf8b9f667,f6a89e21e6c85a9e,e4b3645,True,False,False,small_neural_network,all_features,561,561,none,56,-1,True,True,,,,,,0.1,base,aps,,,2,302,0.9801324503311258,0.9205298013245032,0.97682119205298,1.0,0.9801324503311258,0.9205298013245032,0.97682119205298,1.0,0.0,0.0,0.0,0.0,-0.0
phase8_human_activity_recognition_seed_56,human_activity_recognition,56,2610f41bf8b9f667,f6a89e21e6c85a9e,e4b3645,True,False,False,small_neural_network,all_features,561,561,none,56,-1,True,True,,,,,,0.1,base,aps,,,4,317,0.9211356466876972,0.9305993690851736,1.107255520504732,2.0,0.9211356466876972,0.9305993690851736,1.107255520504732,2.0,0.0,0.0,0.0,0.0,-0.0
phase8_human_activity_recognition_seed_56,human_activity_recognition,56,2610f41bf8b9f667,f6a89e21e6c85a9e,e4b3645,True,False,False,small_neural_network,all_features,561,561,none,56,-1,True,True,,,,,,0.1,base,aps,,,15,328,0.9939024390243902,0.9207317073170732,0.9695121951219512,1.0,0.9939024390243902,0.9207317073170732,0.9695121951219512,1.0,0.0,0.0,0.0,0.0,-0.0
phase8_human_activity_recognition_seed_56,human_activity_recognition,56,2610f41bf8b9f667,f6a89e21e6c85a9e,e4b3645,True,False,False,small_neural_network,all_features,561,561,none,56,-1,True,True,,,,,,0.1,base,aps,,,16,366,0.8579234972677595,0.8661202185792349,1.1038251366120218,2.0,0.8579234972677595,0.8661202185792349,1.1038251366120218,2.0,0.0,0.0,0.0,0.0,-0.0
phase8_human_activity_recognition_seed_56,human_activity_recognition,56,2610f41bf8b9f667,f6a89e21e6c85a9e,e4b3645,True,False,False,small_neural_network,all_features,561,561,none,56,-1,True,True,,,,,,0.1,base,aps,,,27,376,0.9893617021276596,0.8936170212765957,0.925531914893617,1.0,0.9893617021276596,0.8936170212765957,0.925531914893617,1.0,0.0,0.0,0.0,0.0,-0.0
phase8_human_activity_recognition_seed_56,human_activity_recognition,56,2610f41bf8b9f667,f6a89e21e6c85a9e,e4b3645,True,False,False,small_neural_network,conformal_harm_one_shot,557,557,selection_train+tune_crossfit,56,-1,True,True,4.0,-0.001161435463761,0.0,0.0577364883178836,0.0693976336945384,0.1,base,aps,,,2,302,0.9635761589403974,0.9271523178807948,0.9801324503311258,1.0,0.9801324503311258,0.9205298013245032,0.97682119205298,1.0,-0.0165562913907284,0.0066225165562913,0.0033112582781457,0.0,-0.0033112582781457
phase8_human_activity_recognition_seed_56,human_activity_recognition,56,2610f41bf8b9f667,f6a89e21e6c85a9e,e4b3645,True,False,False,small_neural_network,conformal_harm_one_shot,557,557,selection_train+tune_crossfit,56,-1,True,True,4.0,-0.001161435463761,0.0,0.0577364883178836,0.0693976336945384,0.1,base,aps,,,4,317,0.9305993690851736,0.9211356466876972,1.0410094637223974,1.0,0.9211356466876972,0.9305993690851736,1.107255520504732,2.0,0.0094637223974762,-0.0094637223974762,-0.0662460567823344,-1.0,0.0662460567823344
phase8_human_activity_recognition_seed_56,human_activity_recognition,56,2610f41bf8b9f667,f6a89e21e6c85a9e,e4b3645,True,False,False,small_neural_network,conformal_harm_one_shot,557,557,selection_train+tune_crossfit,56,-1,True,True,4.0,-0.001161435463761,0.0,0.0577364883178836,0.0693976336945384,0.1,base,aps,,,15,328,0.9908536585365854,0.929878048780488,0.945121951219512,1.0,0.9939024390243902,0.9207317073170732,0.9695121951219512,1.0,-0.0030487804878048,0.0091463414634146,-0.024390243902439,0.0,0.024390243902439
phase8_human_activity_recognition_seed_56,human_activity_recognition,56,2610f41bf8b9f667,f6a89e21e6c85a9e,e4b3645,True,False,False,small_neural_network,conformal_harm_one_shot,557,557,selection_train+tune_crossfit,56,-1,True,True,4.0,-0.001161435463761,0.0,0.0577364883178836,0.0693976336945384,0.1,base,aps,,,16,366,0.8387978142076503,0.8469945355191257,1.0819672131147542,2.0,0.8579234972677595,0.8661202185792349,1.1038251366120218,2.0,-0.0191256830601092,-0.0191256830601092,-0.0218579234972675,0.0,0.0218579234972675
phase8_human_activity_recognition_seed_56,human_activity_recognition,56,2610f41bf8b9f667,f6a89e21e6c85a9e,e4b3645,True,False,False,small_neural_network,conformal_harm_one_shot,557,557,selection_train+tune_crossfit,56,-1,True,True,4.0,-0.001161435463761,0.0,0.0577364883178836,0.0693976336945384,0.1,base,aps,,,27,376,1.0,0.925531914893617,0.9388297872340424,1.0,0.9893617021276596,0.8936170212765957,0.925531914893617,1.0,0.0106382978723403,0.0319148936170212,0.0132978723404255,0.0,-0.0132978723404255
phase8_human_activity_recognition_seed_56,human_activity_recognition,56,2610f41bf8b9f667,f6a89e21e6c85a9e,e4b3645,True,False,False,small_neural_network,conformal_harm_recursive,557,557,selection_train+tune_crossfit,56,-1,True,True,4.0,-0.0046511627906976,0.0053572396595652,0.0622805876294248,0.0751835842473375,0.1,base,aps,,,2,302,0.9536423841059604,0.9238410596026492,0.9900662251655628,1.0,0.9801324503311258,0.9205298013245032,0.97682119205298,1.0,-0.0264900662251655,0.0033112582781457,0.0132450331125827,0.0,-0.0132450331125827
phase8_human_activity_recognition_seed_56,human_activity_recognition,56,2610f41bf8b9f667,f6a89e21e6c85a9e,e4b3645,True,False,False,small_neural_network,conformal_harm_recursive,557,557,selection_train+tune_crossfit,56,-1,True,True,4.0,-0.0046511627906976,0.0053572396595652,0.0622805876294248,0.0751835842473375,0.1,base,aps,,,4,317,0.9337539432176656,0.9242902208201892,1.0504731861198735,1.0,0.9211356466876972,0.9305993690851736,1.107255520504732,2.0,0.0126182965299683,-0.0063091482649841,-0.0567823343848581,-1.0,0.0567823343848581
phase8_human_activity_recognition_seed_56,human_activity_recognition,56,2610f41bf8b9f667,f6a89e21e6c85a9e,e4b3645,True,False,False,small_neural_network,conformal_harm_recursive,557,557,selection_train+tune_crossfit,56,-1,True,True,4.0,-0.0046511627906976,0.0053572396595652,0.0622805876294248,0.0751835842473375,0.1,base,aps,,,15,328,0.9847560975609756,0.9359756097560976,0.9573170731707316,1.0,0.9939024390243902,0.9207317073170732,0.9695121951219512,1.0,-0.0091463414634146,0.0152439024390244,-0.0121951219512195,0.0,0.0121951219512195
phase8_human_activity_recognition_seed_56,human_activity_recognition,56,2610f41bf8b9f667,f6a89e21e6c85a9e,e4b3645,True,False,False,small_neural_network,conformal_harm_recursive,557,557,selection_train+tune_crossfit,56,-1,True,True,4.0,-0.0046511627906976,0.0053572396595652,0.0622805876294248,0.0751835842473375,0.1,base,aps,,,16,366,0.8442622950819673,0.8469945355191257,1.0901639344262295,2.0,0.8579234972677595,0.8661202185792349,1.1038251366120218,2.0,-0.0136612021857922,-0.0191256830601092,-0.0136612021857922,0.0,0.0136612021857922
phase8_human_activity_recognition_seed_56,human_activity_recognition,56,2610f41bf8b9f667,f6a89e21e6c85a9e,e4b3645,True,False,False,small_neural_network,conformal_harm_recursive,557,557,selection_train+tune_crossfit,56,-1,True,True,4.0,-0.0046511627906976,0.0053572396595652,0.0622805876294248,0.0751835842473375,0.1,base,aps,,,27,376,0.9973404255319148,0.925531914893617,0.9441489361702128,1.0,0.9893617021276596,0.8936170212765957,0.925531914893617,1.0,0.0079787234042553,0.0319148936170212,0.0186170212765958,0.0,-0.0186170212765958
phase8_human_activity_recognition_seed_57,human_activity_recognition,57,e6e9657b87637234,b9364a177fc2162c,e4b3645,True,False,False,logistic_regression,all_features,561,561,none,57,-1,True,True,,,,,,0.1,base,aps,,,6,325,0.8707692307692307,0.84,1.04,1.0,0.8707692307692307,0.84,1.04,1.0,0.0,0.0,0.0,0.0,-0.0
phase8_human_activity_recognition_seed_57,human_activity_recognition,57,e6e9657b87637234,b9364a177fc2162c,e4b3645,True,False,False,logistic_regression,all_features,561,561,none,57,-1,True,True,,,,,,0.1,base,aps,,,13,327,0.9877675840978594,0.9296636085626911,0.9541284403669724,1.0,0.9877675840978594,0.9296636085626911,0.9541284403669724,1.0,0.0,0.0,0.0,0.0,-0.0
phase8_human_activity_recognition_seed_57,human_activity_recognition,57,e6e9657b87637234,b9364a177fc2162c,e4b3645,True,False,False,logistic_regression,all_features,561,561,none,57,-1,True,True,,,,,,0.1,base,aps,,,17,368,0.9565217391304348,0.9266304347826086,1.0054347826086956,1.0,0.9565217391304348,0.9266304347826086,1.0054347826086956,1.0,0.0,0.0,0.0,0.0,-0.0
phase8_human_activity_recognition_seed_57,human_activity_recognition,57,e6e9657b87637234,b9364a177fc2162c,e4b3645,True,False,False,logistic_regression,all_features,561,561,none,57,-1,True,True,,,,,,0.1,base,aps,,,22,321,0.9813084112149532,0.8878504672897196,0.9345794392523364,1.0,0.9813084112149532,0.8878504672897196,0.9345794392523364,1.0,0.0,0.0,0.0,0.0,-0.0
phase8_human_activity_recognition_seed_57,human_activity_recognition,57,e6e9657b87637234,b9364a177fc2162c,e4b3645,True,False,False,logistic_regression,all_features,561,561,none,57,-1,True,True,,,,,,0.1,base,aps,,,30,383,0.9895561357702348,0.9347258485639688,0.9556135770234988,1.0,0.9895561357702348,0.9347258485639688,0.9556135770234988,1.0,0.0,0.0,0.0,0.0,-0.0
phase8_human_activity_recognition_seed_57,human_activity_recognition,57,e6e9657b87637234,b9364a177fc2162c,e4b3645,True,False,False,logistic_regression,conformal_harm_one_shot,556,556,selection_train+tune_crossfit,57,-1,True,True,5.0,-0.0017786449496662,0.0027824906684764,0.0096250424160162,0.0851447450754792,0.1,base,aps,,,6,325,0.8676923076923077,0.8276923076923077,1.0276923076923077,1.0,0.8707692307692307,0.84,1.04,1.0,-0.003076923076923,-0.0123076923076922,-0.0123076923076923,0.0,0.0123076923076923
phase8_human_activity_recognition_seed_57,human_activity_recognition,57,e6e9657b87637234,b9364a177fc2162c,e4b3645,True,False,False,logistic_regression,conformal_harm_one_shot,556,556,selection_train+tune_crossfit,57,-1,True,True,5.0,-0.0017786449496662,0.0027824906684764,0.0096250424160162,0.0851447450754792,0.1,base,aps,,,13,327,0.9847094801223242,0.9296636085626911,0.9541284403669724,1.0,0.9877675840978594,0.9296636085626911,0.9541284403669724,1.0,-0.0030581039755351,0.0,0.0,0.0,-0.0
phase8_human_activity_recognition_seed_57,human_activity_recognition,57,e6e9657b87637234,b9364a177fc2162c,e4b3645,True,False,False,logistic_regression,conformal_harm_one_shot,556,556,selection_train+tune_crossfit,57,-1,True,True,5.0,-0.0017786449496662,0.0027824906684764,0.0096250424160162,0.0851447450754792,0.1,base,aps,,,17,368,0.9483695652173914,0.9157608695652174,0.9945652173913044,1.0,0.9565217391304348,0.9266304347826086,1.0054347826086956,1.0,-0.0081521739130434,-0.0108695652173912,-0.0108695652173912,0.0,0.0108695652173912
phase8_human_activity_recognition_seed_57,human_activity_recognition,57,e6e9657b87637234,b9364a177fc2162c,e4b3645,True,False,False,logistic_regression,conformal_harm_one_shot,556,556,selection_train+tune_crossfit,57,-1,True,True,5.0,-0.0017786449496662,0.0027824906684764,0.0096250424160162,0.0851447450754792,0.1,base,aps,,,22,321,0.9657320872274144,0.881619937694704,0.9314641744548288,1.0,0.9813084112149532,0.8878504672897196,0.9345794392523364,1.0,-0.0155763239875389,-0.0062305295950155,-0.0031152647975077,0.0,0.0031152647975077
phase8_human_activity_recognition_seed_57,human_activity_recognition,57,e6e9657b87637234,b9364a177fc2162c,e4b3645,True,False,False,logistic_regression,conformal_harm_one_shot,556,556,selection_train+tune_crossfit,57,-1,True,True,5.0,-0.0017786449496662,0.0027824906684764,0.0096250424160162,0.0851447450754792,0.1,base,aps,,,30,383,0.9895561357702348,0.93733681462141,0.95822454308094,1.0,0.9895561357702348,0.9347258485639688,0.9556135770234988,1.0,0.0,0.0026109660574412,0.0026109660574412,0.0,-0.0026109660574412
phase8_human_activity_recognition_seed_57,human_activity_recognition,57,e6e9657b87637234,b9364a177fc2162c,e4b3645,True,False,False,logistic_regression,conformal_harm_recursive,556,556,selection_train+tune_crossfit,57,-1,True,True,5.0,2.827734419175165e-06,0.0027824906684764,0.0112894468951475,0.0824307036345437,0.1,base,aps,,,6,325,0.8676923076923077,0.84,1.0369230769230768,1.0,0.8707692307692307,0.84,1.04,1.0,-0.003076923076923,0.0,-0.0030769230769231,0.0,0.0030769230769231
phase8_human_activity_recognition_seed_57,human_activity_recognition,57,e6e9657b87637234,b9364a177fc2162c,e4b3645,True,False,False,logistic_regression,conformal_harm_recursive,556,556,selection_train+tune_crossfit,57,-1,True,True,5.0,2.827734419175165e-06,0.0027824906684764,0.0112894468951475,0.0824307036345437,0.1,base,aps,,,13,327,0.9847094801223242,0.9296636085626911,0.9571865443425076,1.0,0.9877675840978594,0.9296636085626911,0.9541284403669724,1.0,-0.0030581039755351,0.0,0.003058103975535,0.0,-0.003058103975535
phase8_human_activity_recognition_seed_57,human_activity_recognition,57,e6e9657b87637234,b9364a177fc2162c,e4b3645,True,False,False,logistic_regression,conformal_harm_recursive,556,556,selection_train+tune_crossfit,57,-1,True,True,5.0,2.827734419175165e-06,0.0027824906684764,0.0112894468951475,0.0824307036345437,0.1,base,aps,,,17,368,0.9483695652173914,0.9239130434782608,1.0,1.0,0.9565217391304348,0.9266304347826086,1.0054347826086956,1.0,-0.0081521739130434,-0.0027173913043477,-0.0054347826086955,0.0,0.0054347826086955
phase8_human_activity_recognition_seed_57,human_activity_recognition,57,e6e9657b87637234,b9364a177fc2162c,e4b3645,True,False,False,logistic_regression,conformal_harm_recursive,556,556,selection_train+tune_crossfit,57,-1,True,True,5.0,2.827734419175165e-06,0.0027824906684764,0.0112894468951475,0.0824307036345437,0.1,base,aps,,,22,321,0.968847352024922,0.881619937694704,0.9314641744548288,1.0,0.9813084112149532,0.8878504672897196,0.9345794392523364,1.0,-0.0124610591900311,-0.0062305295950155,-0.0031152647975077,0.0,0.0031152647975077
phase8_human_activity_recognition_seed_57,human_activity_recognition,57,e6e9657b87637234,b9364a177fc2162c,e4b3645,True,False,False,logistic_regression,conformal_harm_recursive,556,556,selection_train+tune_crossfit,57,-1,True,True,5.0,2.827734419175165e-06,0.0027824906684764,0.0112894468951475,0.0824307036345437,0.1,base,aps,,,30,383,0.9895561357702348,0.9347258485639688,0.9556135770234988,1.0,0.9895561357702348,0.9347258485639688,0.9556135770234988,1.0,0.0,0.0,0.0,0.0,-0.0
phase8_human_activity_recognition_seed_57,human_activity_recognition,57,e6e9657b87637234,b9364a177fc2162c,e4b3645,True,False,False,small_neural_network,all_features,561,561,none,57,-1,True,True,,,,,,0.1,base,aps,,,6,325,0.8676923076923077,0.8492307692307692,1.0769230769230769,2.0,0.8676923076923077,0.8492307692307692,1.0769230769230769,2.0,0.0,0.0,0.0,0.0,-0.0
phase8_human_activity_recognition_seed_57,human_activity_recognition,57,e6e9657b87637234,b9364a177fc2162c,e4b3645,True,False,False,small_neural_network,all_features,561,561,none,57,-1,True,True,,,,,,0.1,base,aps,,,13,327,0.9755351681957186,0.926605504587156,0.9694189602446484,1.0,0.9755351681957186,0.926605504587156,0.9694189602446484,1.0,0.0,0.0,0.0,0.0,-0.0
phase8_human_activity_recognition_seed_57,human_activity_recognition,57,e6e9657b87637234,b9364a177fc2162c,e4b3645,True,False,False,small_neural_network,all_features,561,561,none,57,-1,True,True,,,,,,0.1,base,aps,,,17,368,0.9755434782608696,0.9429347826086956,1.0190217391304348,1.0,0.9755434782608696,0.9429347826086956,1.0190217391304348,1.0,0.0,0.0,0.0,0.0,-0.0
phase8_human_activity_recognition_seed_57,human_activity_recognition,57,e6e9657b87637234,b9364a177fc2162c,e4b3645,True,False,False,small_neural_network,all_features,561,561,none,57,-1,True,True,,,,,,0.1,base,aps,,,22,321,0.9595015576323987,0.897196261682243,0.9532710280373832,1.0,0.9595015576323987,0.897196261682243,0.9532710280373832,1.0,0.0,0.0,0.0,0.0,-0.0
phase8_human_activity_recognition_seed_57,human_activity_recognition,57,e6e9657b87637234,b9364a177fc2162c,e4b3645,True,False,False,small_neural_network,all_features,561,561,none,57,-1,True,True,,,,,,0.1,base,aps,,,30,383,0.9921671018276762,0.9451697127937336,0.9843342036553524,1.0,0.9921671018276762,0.9451697127937336,0.9843342036553524,1.0,0.0,0.0,0.0,0.0,-0.0
phase8_human_activity_recognition_seed_57,human_activity_recognition,57,e6e9657b87637234,b9364a177fc2162c,e4b3645,True,False,False,small_neural_network,conformal_harm_one_shot,560,560,selection_train+tune_crossfit,57,-1,True,True,1.0,-0.0023710553104853,0.0027895600045243,0.0301815405497116,0.097132187871903,0.1,base,aps,,,6,325,0.8892307692307693,0.8584615384615385,1.0307692307692309,1.0,0.8676923076923077,0.8492307692307692,1.0769230769230769,2.0,0.0215384615384616,0.0092307692307692,-0.0461538461538462,-1.0,0.0461538461538462
phase8_human_activity_recognition_seed_57,human_activity_recognition,57,e6e9657b87637234,b9364a177fc2162c,e4b3645,True,False,False,small_neural_network,conformal_harm_one_shot,560,560,selection_train+tune_crossfit,57,-1,True,True,1.0,-0.0023710553104853,0.0027895600045243,0.0301815405497116,0.097132187871903,0.1,base,aps,,,13,327,0.9847094801223242,0.9418960244648318,0.9694189602446484,1.0,0.9755351681957186,0.926605504587156,0.9694189602446484,1.0,0.0091743119266055,0.0152905198776758,0.0,0.0,-0.0
phase8_human_activity_recognition_seed_57,human_activity_recognition,57,e6e9657b87637234,b9364a177fc2162c,e4b3645,True,False,False,small_neural_network,conformal_harm_one_shot,560,560,selection_train+tune_crossfit,57,-1,True,True,1.0,-0.0023710553104853,0.0027895600045243,0.0301815405497116,0.097132187871903,0.1,base,aps,,,17,368,0.9565217391304348,0.9347826086956522,1.002717391304348,1.0,0.9755434782608696,0.9429347826086956,1.0190217391304348,1.0,-0.0190217391304347,-0.0081521739130434,-0.0163043478260869,0.0,0.0163043478260869
phase8_human_activity_recognition_seed_57,human_activity_recognition,57,e6e9657b87637234,b9364a177fc2162c,e4b3645,True,False,False,small_neural_network,conformal_harm_one_shot,560,560,selection_train+tune_crossfit,57,-1,True,True,1.0,-0.0023710553104853,0.0027895600045243,0.0301815405497116,0.097132187871903,0.1,base,aps,,,22,321,0.9532710280373832,0.9065420560747663,0.9781931464174456,1.0,0.9595015576323987,0.897196261682243,0.9532710280373832,1.0,-0.0062305295950155,0.0093457943925233,0.0249221183800623,0.0,-0.0249221183800623
phase8_human_activity_recognition_seed_57,human_activity_recognition,57,e6e9657b87637234,b9364a177fc2162c,e4b3645,True,False,False,small_neural_network,conformal_harm_one_shot,560,560,selection_train+tune_crossfit,57,-1,True,True,1.0,-0.0023710553104853,0.0027895600045243,0.0301815405497116,0.097132187871903,0.1,base,aps,,,30,383,0.9843342036553524,0.9451697127937336,0.9765013054830288,1.0,0.9921671018276762,0.9451697127937336,0.9843342036553524,1.0,-0.0078328981723236,0.0,-0.0078328981723237,0.0,0.0078328981723237
phase8_human_activity_recognition_seed_57,human_activity_recognition,57,e6e9657b87637234,b9364a177fc2162c,e4b3645,True,False,False,small_neural_network,conformal_harm_recursive,560,560,selection_train+tune_crossfit,57,-1,True,True,1.0,-0.0023710553104853,0.0027895600045243,0.0301815405497116,0.097132187871903,0.1,base,aps,,,6,325,0.8892307692307693,0.8584615384615385,1.0307692307692309,1.0,0.8676923076923077,0.8492307692307692,1.0769230769230769,2.0,0.0215384615384616,0.0092307692307692,-0.0461538461538462,-1.0,0.0461538461538462
phase8_human_activity_recognition_seed_57,human_activity_recognition,57,e6e9657b87637234,b9364a177fc2162c,e4b3645,True,False,False,small_neural_network,conformal_harm_recursive,560,560,selection_train+tune_crossfit,57,-1,True,True,1.0,-0.0023710553104853,0.0027895600045243,0.0301815405497116,0.097132187871903,0.1,base,aps,,,13,327,0.9847094801223242,0.9418960244648318,0.9694189602446484,1.0,0.9755351681957186,0.926605504587156,0.9694189602446484,1.0,0.0091743119266055,0.0152905198776758,0.0,0.0,-0.0
phase8_human_activity_recognition_seed_57,human_activity_recognition,57,e6e9657b87637234,b9364a177fc2162c,e4b3645,True,False,False,small_neural_network,conformal_harm_recursive,560,560,selection_train+tune_crossfit,57,-1,True,True,1.0,-0.0023710553104853,0.0027895600045243,0.0301815405497116,0.097132187871903,0.1,base,aps,,,17,368,0.9565217391304348,0.9347826086956522,1.002717391304348,1.0,0.9755434782608696,0.9429347826086956,1.0190217391304348,1.0,-0.0190217391304347,-0.0081521739130434,-0.0163043478260869,0.0,0.0163043478260869
phase8_human_activity_recognition_seed_57,human_activity_recognition,57,e6e9657b87637234,b9364a177fc2162c,e4b3645,True,False,False,small_neural_network,conformal_harm_recursive,560,560,selection_train+tune_crossfit,57,-1,True,True,1.0,-0.0023710553104853,0.0027895600045243,0.0301815405497116,0.097132187871903,0.1,base,aps,,,22,321,0.9532710280373832,0.9065420560747663,0.9781931464174456,1.0,0.9595015576323987,0.897196261682243,0.9532710280373832,1.0,-0.0062305295950155,0.0093457943925233,0.0249221183800623,0.0,-0.0249221183800623
phase8_human_activity_recognition_seed_57,human_activity_recognition,57,e6e9657b87637234,b9364a177fc2162c,e4b3645,True,False,False,small_neural_network,conformal_harm_recursive,560,560,selection_train+tune_crossfit,57,-1,True,True,1.0,-0.0023710553104853,0.0027895600045243,0.0301815405497116,0.097132187871903,0.1,base,aps,,,30,383,0.9843342036553524,0.9451697127937336,0.9765013054830288,1.0,0.9921671018276762,0.9451697127937336,0.9843342036553524,1.0,-0.0078328981723236,0.0,-0.0078328981723237,0.0,0.0078328981723237
phase8_human_activity_recognition_seed_58,human_activity_recognition,58,f0f593f4efe5d005,9f84ea1938a7ac05,e4b3645,True,False,False,logistic_regression,all_features,561,561,none,58,-1,True,True,,,,,,0.1,base,aps,,,6,325,0.8984615384615384,0.8892307692307693,1.0953846153846154,2.0,0.8984615384615384,0.8892307692307693,1.0953846153846154,2.0,0.0,0.0,0.0,0.0,-0.0
phase8_human_activity_recognition_seed_58,human_activity_recognition,58,f0f593f4efe5d005,9f84ea1938a7ac05,e4b3645,True,False,False,logistic_regression,all_features,561,561,none,58,-1,True,True,,,,,,0.1,base,aps,,,8,281,0.9039145907473308,0.9252669039145908,1.1209964412811388,2.0,0.9039145907473308,0.9252669039145908,1.1209964412811388,2.0,0.0,0.0,0.0,0.0,-0.0
phase8_human_activity_recognition_seed_58,human_activity_recognition,58,f0f593f4efe5d005,9f84ea1938a7ac05,e4b3645,True,False,False,logistic_regression,all_features,561,561,none,58,-1,True,True,,,,,,0.1,base,aps,,,10,294,0.8095238095238095,0.8299319727891157,1.108843537414966,2.0,0.8095238095238095,0.8299319727891157,1.108843537414966,2.0,0.0,0.0,0.0,0.0,-0.0
phase8_human_activity_recognition_seed_58,human_activity_recognition,58,f0f593f4efe5d005,9f84ea1938a7ac05,e4b3645,True,False,False,logistic_regression,all_features,561,561,none,58,-1,True,True,,,,,,0.1,base,aps,,,18,364,0.934065934065934,0.956043956043956,1.151098901098901,2.0,0.934065934065934,0.956043956043956,1.151098901098901,2.0,0.0,0.0,0.0,0.0,-0.0
phase8_human_activity_recognition_seed_58,human_activity_recognition,58,f0f593f4efe5d005,9f84ea1938a7ac05,e4b3645,True,False,False,logistic_regression,all_features,561,561,none,58,-1,True,True,,,,,,0.1,base,aps,,,28,382,0.9240837696335078,0.9293193717277488,1.049738219895288,1.0,0.9240837696335078,0.9293193717277488,1.049738219895288,1.0,0.0,0.0,0.0,0.0,-0.0
phase8_human_activity_recognition_seed_58,human_activity_recognition,58,f0f593f4efe5d005,9f84ea1938a7ac05,e4b3645,True,False,False,logistic_regression,conformal_harm_one_shot,556,556,selection_train+tune_crossfit,58,-1,True,True,5.0,0.0,0.0215277777777778,0.005787037037037,0.0613640021693871,0.1,base,aps,,,6,325,0.8984615384615384,0.8830769230769231,1.0984615384615384,2.0,0.8984615384615384,0.8892307692307693,1.0953846153846154,2.0,0.0,-0.0061538461538461,0.0030769230769229,0.0,-0.0030769230769229
phase8_human_activity_recognition_seed_58,human_activity_recognition,58,f0f593f4efe5d005,9f84ea1938a7ac05,e4b3645,True,False,False,logistic_regression,conformal_harm_one_shot,556,556,selection_train+tune_crossfit,58,-1,True,True,5.0,0.0,0.0215277777777778,0.005787037037037,0.0613640021693871,0.1,base,aps,,,8,281,0.9110320284697508,0.9252669039145908,1.113879003558719,2.0,0.9039145907473308,0.9252669039145908,1.1209964412811388,2.0,0.0071174377224199,0.0,-0.0071174377224199,0.0,0.0071174377224199
phase8_human_activity_recognition_seed_58,human_activity_recognition,58,f0f593f4efe5d005,9f84ea1938a7ac05,e4b3645,True,False,False,logistic_regression,conformal_harm_one_shot,556,556,selection_train+tune_crossfit,58,-1,True,True,5.0,0.0,0.0215277777777778,0.005787037037037,0.0613640021693871,0.1,base,aps,,,10,294,0.782312925170068,0.8197278911564626,1.108843537414966,2.0,0.8095238095238095,0.8299319727891157,1.108843537414966,2.0,-0.0272108843537415,-0.010204081632653,0.0,0.0,-0.0
phase8_human_activity_recognition_seed_58,human_activity_recognition,58,f0f593f4efe5d005,9f84ea1938a7ac05,e4b3645,True,False,False,logistic_regression,conformal_harm_one_shot,556,556,selection_train+tune_crossfit,58,-1,True,True,5.0,0.0,0.0215277777777778,0.005787037037037,0.0613640021693871,0.1,base,aps,,,18,364,0.9368131868131868,0.9505494505494504,1.129120879120879,2.0,0.934065934065934,0.956043956043956,1.151098901098901,2.0,0.0027472527472527,-0.0054945054945055,-0.0219780219780219,0.0,0.0219780219780219
phase8_human_activity_recognition_seed_58,human_activity_recognition,58,f0f593f4efe5d005,9f84ea1938a7ac05,e4b3645,True,False,False,logistic_regression,conformal_harm_one_shot,556,556,selection_train+tune_crossfit,58,-1,True,True,5.0,0.0,0.0215277777777778,0.005787037037037,0.0613640021693871,0.1,base,aps,,,28,382,0.9319371727748692,0.9293193717277488,1.0418848167539267,1.0,0.9240837696335078,0.9293193717277488,1.049738219895288,1.0,0.0078534031413612,0.0,-0.0078534031413612,0.0,0.0078534031413612
phase8_human_activity_recognition_seed_58,human_activity_recognition,58,f0f593f4efe5d005,9f84ea1938a7ac05,e4b3645,True,False,False,logistic_regression,conformal_harm_recursive,556,556,selection_train+tune_crossfit,58,-1,True,True,5.0,-0.001736111111111,0.0197916666666667,0.0069444444444443,0.0610098296621448,0.1,base,aps,,,6,325,0.8953846153846153,0.88,1.0892307692307692,2.0,0.8984615384615384,0.8892307692307693,1.0953846153846154,2.0,-0.003076923076923,-0.0092307692307692,-0.0061538461538461,0.0,0.0061538461538461
phase8_human_activity_recognition_seed_58,human_activity_recognition,58,f0f593f4efe5d005,9f84ea1938a7ac05,e4b3645,True,False,False,logistic_regression,conformal_harm_recursive,556,556,selection_train+tune_crossfit,58,-1,True,True,5.0,-0.001736111111111,0.0197916666666667,0.0069444444444443,0.0610098296621448,0.1,base,aps,,,8,281,0.9110320284697508,0.9252669039145908,1.1174377224199288,2.0,0.9039145907473308,0.9252669039145908,1.1209964412811388,2.0,0.0071174377224199,0.0,-0.00355871886121,0.0,0.00355871886121
phase8_human_activity_recognition_seed_58,human_activity_recognition,58,f0f593f4efe5d005,9f84ea1938a7ac05,e4b3645,True,False,False,logistic_regression,conformal_harm_recursive,556,556,selection_train+tune_crossfit,58,-1,True,True,5.0,-0.001736111111111,0.0197916666666667,0.0069444444444443,0.0610098296621448,0.1,base,aps,,,10,294,0.7755102040816326,0.8163265306122449,1.0918367346938775,2.0,0.8095238095238095,0.8299319727891157,1.108843537414966,2.0,-0.0340136054421769,-0.0136054421768707,-0.0170068027210883,0.0,0.0170068027210883
phase8_human_activity_recognition_seed_58,human_activity_recognition,58,f0f593f4efe5d005,9f84ea1938a7ac05,e4b3645,True,False,False,logistic_regression,conformal_harm_recursive,556,556,selection_train+tune_crossfit,58,-1,True,True,5.0,-0.001736111111111,0.0197916666666667,0.0069444444444443,0.0610098296621448,0.1,base,aps,,,18,364,0.934065934065934,0.9505494505494504,1.1346153846153846,2.0,0.934065934065934,0.956043956043956,1.151098901098901,2.0,0.0,-0.0054945054945055,-0.0164835164835164,0.0,0.0164835164835164
phase8_human_activity_recognition_seed_58,human_activity_recognition,58,f0f593f4efe5d005,9f84ea1938a7ac05,e4b3645,True,False,False,logistic_regression,conformal_harm_recursive,556,556,selection_train+tune_crossfit,58,-1,True,True,5.0,-0.001736111111111,0.0197916666666667,0.0069444444444443,0.0610098296621448,0.1,base,aps,,,28,382,0.9293193717277488,0.9293193717277488,1.0471204188481675,1.0,0.9240837696335078,0.9293193717277488,1.049738219895288,1.0,0.0052356020942408,0.0,-0.0026178010471205,0.0,0.0026178010471205
phase8_human_activity_recognition_seed_58,human_activity_recognition,58,f0f593f4efe5d005,9f84ea1938a7ac05,e4b3645,True,False,False,small_neural_network,all_features,561,561,none,58,-1,True,True,,,,,,0.1,base,aps,,,6,325,0.8984615384615384,0.8892307692307693,1.073846153846154,1.0,0.8984615384615384,0.8892307692307693,1.073846153846154,1.0,0.0,0.0,0.0,0.0,-0.0
phase8_human_activity_recognition_seed_58,human_activity_recognition,58,f0f593f4efe5d005,9f84ea1938a7ac05,e4b3645,True,False,False,small_neural_network,all_features,561,561,none,58,-1,True,True,,,,,,0.1,base,aps,,,8,281,0.8896797153024911,0.9288256227758008,1.096085409252669,2.0,0.8896797153024911,0.9288256227758008,1.096085409252669,2.0,0.0,0.0,0.0,0.0,-0.0
phase8_human_activity_recognition_seed_58,human_activity_recognition,58,f0f593f4efe5d005,9f84ea1938a7ac05,e4b3645,True,False,False,small_neural_network,all_features,561,561,none,58,-1,True,True,,,,,,0.1,base,aps,,,10,294,0.8027210884353742,0.8299319727891157,1.119047619047619,2.0,0.8027210884353742,0.8299319727891157,1.119047619047619,2.0,0.0,0.0,0.0,0.0,-0.0
phase8_human_activity_recognition_seed_58,human_activity_recognition,58,f0f593f4efe5d005,9f84ea1938a7ac05,e4b3645,True,False,False,small_neural_network,all_features,561,561,none,58,-1,True,True,,,,,,0.1,base,aps,,,18,364,0.9230769230769232,0.9368131868131868,1.1456043956043955,2.0,0.9230769230769232,0.9368131868131868,1.1456043956043955,2.0,0.0,0.0,0.0,0.0,-0.0
phase8_human_activity_recognition_seed_58,human_activity_recognition,58,f0f593f4efe5d005,9f84ea1938a7ac05,e4b3645,True,False,False,small_neural_network,all_features,561,561,none,58,-1,True,True,,,,,,0.1,base,aps,,,28,382,0.8795811518324608,0.8848167539267016,1.0602094240837696,1.0,0.8795811518324608,0.8848167539267016,1.0602094240837696,1.0,0.0,0.0,0.0,0.0,-0.0
phase8_human_activity_recognition_seed_58,human_activity_recognition,58,f0f593f4efe5d005,9f84ea1938a7ac05,e4b3645,True,False,False,small_neural_network,conformal_harm_one_shot,560,560,selection_train+tune_crossfit,58,-1,True,True,1.0,-0.0011574074074073,0.0186342592592593,0.0112268518518518,0.0614605533743627,0.1,base,aps,,,6,325,0.8892307692307693,0.8830769230769231,1.0553846153846154,1.0,0.8984615384615384,0.8892307692307693,1.073846153846154,1.0,-0.0092307692307691,-0.0061538461538461,-0.0184615384615385,0.0,0.0184615384615385
phase8_human_activity_recognition_seed_58,human_activity_recognition,58,f0f593f4efe5d005,9f84ea1938a7ac05,e4b3645,True,False,False,small_neural_network,conformal_harm_one_shot,560,560,selection_train+tune_crossfit,58,-1,True,True,1.0,-0.0011574074074073,0.0186342592592593,0.0112268518518518,0.0614605533743627,0.1,base,aps,,,8,281,0.8896797153024911,0.9288256227758008,1.106761565836299,2.0,0.8896797153024911,0.9288256227758008,1.096085409252669,2.0,0.0,0.0,0.0106761565836299,0.0,-0.0106761565836299
phase8_human_activity_recognition_seed_58,human_activity_recognition,58,f0f593f4efe5d005,9f84ea1938a7ac05,e4b3645,True,False,False,small_neural_network,conformal_harm_one_shot,560,560,selection_train+tune_crossfit,58,-1,True,True,1.0,-0.0011574074074073,0.0186342592592593,0.0112268518518518,0.0614605533743627,0.1,base,aps,,,10,294,0.7959183673469388,0.8095238095238095,1.0816326530612246,2.0,0.8027210884353742,0.8299319727891157,1.119047619047619,2.0,-0.0068027210884353,-0.0204081632653061,-0.0374149659863944,0.0,0.0374149659863944
phase8_human_activity_recognition_seed_58,human_activity_recognition,58,f0f593f4efe5d005,9f84ea1938a7ac05,e4b3645,True,False,False,small_neural_network,conformal_harm_one_shot,560,560,selection_train+tune_crossfit,58,-1,True,True,1.0,-0.0011574074074073,0.0186342592592593,0.0112268518518518,0.0614605533743627,0.1,base,aps,,,18,364,0.9285714285714286,0.9505494505494504,1.112637362637363,2.0,0.9230769230769232,0.9368131868131868,1.1456043956043955,2.0,0.0054945054945054,0.0137362637362636,-0.0329670329670328,0.0,0.0329670329670328
phase8_human_activity_recognition_seed_58,human_activity_recognition,58,f0f593f4efe5d005,9f84ea1938a7ac05,e4b3645,True,False,False,small_neural_network,conformal_harm_one_shot,560,560,selection_train+tune_crossfit,58,-1,True,True,1.0,-0.0011574074074073,0.0186342592592593,0.0112268518518518,0.0614605533743627,0.1,base,aps,,,28,382,0.9031413612565444,0.9083769633507852,1.0340314136125657,1.0,0.8795811518324608,0.8848167539267016,1.0602094240837696,1.0,0.0235602094240837,0.0235602094240837,-0.0261780104712041,0.0,0.0261780104712041
phase8_human_activity_recognition_seed_58,human_activity_recognition,58,f0f593f4efe5d005,9f84ea1938a7ac05,e4b3645,True,False,False,small_neural_network,conformal_harm_recursive,559,559,selection_train+tune_crossfit,58,-1,True,True,2.0,-0.0011574074074073,0.0186342592592593,0.0131944444444444,0.0657640605502522,0.1,base,aps,,,6,325,0.8984615384615384,0.913846153846154,1.0923076923076922,2.0,0.8984615384615384,0.8892307692307693,1.073846153846154,1.0,0.0,0.0246153846153845,0.0184615384615383,1.0,-0.0184615384615383
phase8_human_activity_recognition_seed_58,human_activity_recognition,58,f0f593f4efe5d005,9f84ea1938a7ac05,e4b3645,True,False,False,small_neural_network,conformal_harm_recursive,559,559,selection_train+tune_crossfit,58,-1,True,True,2.0,-0.0011574074074073,0.0186342592592593,0.0131944444444444,0.0657640605502522,0.1,base,aps,,,8,281,0.9252669039145908,0.9537366548042704,1.113879003558719,2.0,0.8896797153024911,0.9288256227758008,1.096085409252669,2.0,0.0355871886120996,0.0249110320284697,0.0177935943060498,0.0,-0.0177935943060498
phase8_human_activity_recognition_seed_58,human_activity_recognition,58,f0f593f4efe5d005,9f84ea1938a7ac05,e4b3645,True,False,False,small_neural_network,conformal_harm_recursive,559,559,selection_train+tune_crossfit,58,-1,True,True,2.0,-0.0011574074074073,0.0186342592592593,0.0131944444444444,0.0657640605502522,0.1,base,aps,,,10,294,0.7959183673469388,0.8163265306122449,1.108843537414966,2.0,0.8027210884353742,0.8299319727891157,1.119047619047619,2.0,-0.0068027210884353,-0.0136054421768707,-0.0102040816326531,0.0,0.0102040816326531
phase8_human_activity_recognition_seed_58,human_activity_recognition,58,f0f593f4efe5d005,9f84ea1938a7ac05,e4b3645,True,False,False,small_neural_network,conformal_harm_recursive,559,559,selection_train+tune_crossfit,58,-1,True,True,2.0,-0.0011574074074073,0.0186342592592593,0.0131944444444444,0.0657640605502522,0.1,base,aps,,,18,364,0.903846153846154,0.934065934065934,1.1538461538461535,2.0,0.9230769230769232,0.9368131868131868,1.1456043956043955,2.0,-0.0192307692307692,-0.0027472527472527,0.0082417582417582,0.0,-0.0082417582417582
phase8_human_activity_recognition_seed_58,human_activity_recognition,58,f0f593f4efe5d005,9f84ea1938a7ac05,e4b3645,True,False,False,small_neural_network,conformal_harm_recursive,559,559,selection_train+tune_crossfit,58,-1,True,True,2.0,-0.0011574074074073,0.0186342592592593,0.0131944444444444,0.0657640605502522,0.1,base,aps,,,28,382,0.8638743455497382,0.900523560209424,1.0968586387434556,2.0,0.8795811518324608,0.8848167539267016,1.0602094240837696,1.0,-0.0157068062827225,0.0157068062827224,0.0366492146596859,1.0,-0.0366492146596859
phase8_human_activity_recognition_seed_59,human_activity_recognition,59,dd04e35228be54d0,2acc48bb7a97d57c,e4b3645,True,False,False,logistic_regression,all_features,561,561,none,59,-1,True,True,,,,,,0.1,base,aps,,,4,317,0.9369085173501576,0.9085173501577288,1.0504731861198735,1.400000000000034,0.9369085173501576,0.9085173501577288,1.0504731861198735,1.400000000000034,0.0,0.0,0.0,0.0,-0.0
phase8_human_activity_recognition_seed_59,human_activity_recognition,59,dd04e35228be54d0,2acc48bb7a97d57c,e4b3645,True,False,False,logistic_regression,all_features,561,561,none,59,-1,True,True,,,,,,0.1,base,aps,,,11,316,0.9936708860759492,0.9208860759493672,0.9620253164556962,1.0,0.9936708860759492,0.9208860759493672,0.9620253164556962,1.0,0.0,0.0,0.0,0.0,-0.0
phase8_human_activity_recognition_seed_59,human_activity_recognition,59,dd04e35228be54d0,2acc48bb7a97d57c,e4b3645,True,False,False,logistic_regression,all_features,561,561,none,59,-1,True,True,,,,,,0.1,base,aps,,,14,323,0.6501547987616099,0.6191950464396285,0.9721362229102168,1.0,0.6501547987616099,0.6191950464396285,0.9721362229102168,1.0,0.0,0.0,0.0,0.0,-0.0
phase8_human_activity_recognition_seed_59,human_activity_recognition,59,dd04e35228be54d0,2acc48bb7a97d57c,e4b3645,True,False,False,logistic_regression,all_features,561,561,none,59,-1,True,True,,,,,,0.1,base,aps,,,20,354,0.867231638418079,0.8107344632768362,0.9717514124293786,1.0,0.867231638418079,0.8107344632768362,0.9717514124293786,1.0,0.0,0.0,0.0,0.0,-0.0
phase8_human_activity_recognition_seed_59,human_activity_recognition,59,dd04e35228be54d0,2acc48bb7a97d57c,e4b3645,True,False,False,logistic_regression,all_features,561,561,none,59,-1,True,True,,,,,,0.1,base,aps,,,27,376,0.9787234042553192,0.8962765957446809,0.949468085106383,1.0,0.9787234042553192,0.8962765957446809,0.949468085106383,1.0,0.0,0.0,0.0,0.0,-0.0
phase8_human_activity_recognition_seed_59,human_activity_recognition,59,dd04e35228be54d0,2acc48bb7a97d57c,e4b3645,True,False,False,logistic_regression,conformal_harm_one_shot,557,557,selection_train+tune_crossfit,59,-1,True,True,4.0,-0.0171716917078417,0.0077568821216094,0.0165773139278231,0.082659968015977,0.1,base,aps,,,4,317,0.9148264984227128,0.8958990536277602,1.0473186119873816,1.0,0.9369085173501576,0.9085173501577288,1.0504731861198735,1.400000000000034,-0.0220820189274447,-0.0126182965299684,-0.003154574132492,-0.4000000000000341,0.003154574132492
phase8_human_activity_recognition_seed_59,human_activity_recognition,59,dd04e35228be54d0,2acc48bb7a97d57c,e4b3645,True,False,False,logistic_regression,conformal_harm_one_shot,557,557,selection_train+tune_crossfit,59,-1,True,True,4.0,-0.0171716917078417,0.0077568821216094,0.0165773139278231,0.082659968015977,0.1,base,aps,,,11,316,0.9873417721518988,0.9145569620253164,0.9525316455696202,1.0,0.9936708860759492,0.9208860759493672,0.9620253164556962,1.0,-0.0063291139240505,-0.0063291139240506,-0.009493670886076,0.0,0.009493670886076
phase8_human_activity_recognition_seed_59,human_activity_recognition,59,dd04e35228be54d0,2acc48bb7a97d57c,e4b3645,True,False,False,logistic_regression,conformal_harm_one_shot,557,557,selection_train+tune_crossfit,59,-1,True,True,4.0,-0.0171716917078417,0.0077568821216094,0.0165773139278231,0.082659968015977,0.1,base,aps,,,14,323,0.6377708978328174,0.6130030959752322,0.9659442724458204,1.0,0.6501547987616099,0.6191950464396285,0.9721362229102168,1.0,-0.0123839009287924,-0.0061919504643963,-0.0061919504643962,0.0,0.0061919504643962
phase8_human_activity_recognition_seed_59,human_activity_recognition,59,dd04e35228be54d0,2acc48bb7a97d57c,e4b3645,True,False,False,logistic_regression,conformal_harm_one_shot,557,557,selection_train+tune_crossfit,59,-1,True,True,4.0,-0.0171716917078417,0.0077568821216094,0.0165773139278231,0.082659968015977,0.1,base,aps,,,20,354,0.8757062146892656,0.8248587570621468,0.9717514124293786,1.0,0.867231638418079,0.8107344632768362,0.9717514124293786,1.0,0.0084745762711865,0.0141242937853106,0.0,0.0,-0.0
phase8_human_activity_recognition_seed_59,human_activity_recognition,59,dd04e35228be54d0,2acc48bb7a97d57c,e4b3645,True,False,False,logistic_regression,conformal_harm_one_shot,557,557,selection_train+tune_crossfit,59,-1,True,True,4.0,-0.0171716917078417,0.0077568821216094,0.0165773139278231,0.082659968015977,0.1,base,aps,,,27,376,0.9867021276595744,0.898936170212766,0.9361702127659576,1.0,0.9787234042553192,0.8962765957446809,0.949468085106383,1.0,0.0079787234042553,0.002659574468085,-0.0132978723404255,0.0,0.0132978723404255
phase8_human_activity_recognition_seed_59,human_activity_recognition,59,dd04e35228be54d0,2acc48bb7a97d57c,e4b3645,True,False,False,logistic_regression,conformal_harm_recursive,556,556,selection_train+tune_crossfit,59,-1,True,True,5.0,-0.0213158101128253,0.0059768299104792,0.0252204407694979,0.0841971664497272,0.1,base,aps,,,4,317,0.9305993690851736,0.9053627760252366,1.0315457413249212,1.0,0.9369085173501576,0.9085173501577288,1.0504731861198735,1.400000000000034,-0.0063091482649841,-0.003154574132492,-0.0189274447949525,-0.4000000000000341,0.0189274447949525
phase8_human_activity_recognition_seed_59,human_activity_recognition,59,dd04e35228be54d0,2acc48bb7a97d57c,e4b3645,True,False,False,logistic_regression,conformal_harm_recursive,556,556,selection_train+tune_crossfit,59,-1,True,True,5.0,-0.0213158101128253,0.0059768299104792,0.0252204407694979,0.0841971664497272,0.1,base,aps,,,11,316,0.9841772151898734,0.9145569620253164,0.9556962025316456,1.0,0.9936708860759492,0.9208860759493672,0.9620253164556962,1.0,-0.0094936708860758,-0.0063291139240506,-0.0063291139240506,0.0,0.0063291139240506
phase8_human_activity_recognition_seed_59,human_activity_recognition,59,dd04e35228be54d0,2acc48bb7a97d57c,e4b3645,True,False,False,logistic_regression,conformal_harm_recursive,556,556,selection_train+tune_crossfit,59,-1,True,True,5.0,-0.0213158101128253,0.0059768299104792,0.0252204407694979,0.0841971664497272,0.1,base,aps,,,14,323,0.6377708978328174,0.6068111455108359,0.9628482972136224,1.0,0.6501547987616099,0.6191950464396285,0.9721362229102168,1.0,-0.0123839009287924,-0.0123839009287926,-0.0092879256965944,0.0,0.0092879256965944
phase8_human_activity_recognition_seed_59,human_activity_recognition,59,dd04e35228be54d0,2acc48bb7a97d57c,e4b3645,True,False,False,logistic_regression,conformal_harm_recursive,556,556,selection_train+tune_crossfit,59,-1,True,True,5.0,-0.0213158101128253,0.0059768299104792,0.0252204407694979,0.0841971664497272,0.1,base,aps,,,20,354,0.8813559322033898,0.827683615819209,0.9717514124293786,1.0,0.867231638418079,0.8107344632768362,0.9717514124293786,1.0,0.0141242937853107,0.0169491525423728,0.0,0.0,-0.0
phase8_human_activity_recognition_seed_59,human_activity_recognition,59,dd04e35228be54d0,2acc48bb7a97d57c,e4b3645,True,False,False,logistic_regression,conformal_harm_recursive,556,556,selection_train+tune_crossfit,59,-1,True,True,5.0,-0.0213158101128253,0.0059768299104792,0.0252204407694979,0.0841971664497272,0.1,base,aps,,,27,376,0.9813829787234044,0.898936170212766,0.9335106382978724,1.0,0.9787234042553192,0.8962765957446809,0.949468085106383,1.0,0.0026595744680851,0.002659574468085,-0.0159574468085107,0.0,0.0159574468085107
phase8_human_activity_recognition_seed_59,human_activity_recognition,59,dd04e35228be54d0,2acc48bb7a97d57c,e4b3645,True,False,False,small_neural_network,all_features,561,561,none,59,-1,True,True,,,,,,0.1,base,aps,,,4,317,0.9274447949526814,0.9116719242902208,1.0662460567823344,2.0,0.9274447949526814,0.9116719242902208,1.0662460567823344,2.0,0.0,0.0,0.0,0.0,-0.0
phase8_human_activity_recognition_seed_59,human_activity_recognition,59,dd04e35228be54d0,2acc48bb7a97d57c,e4b3645,True,False,False,small_neural_network,all_features,561,561,none,59,-1,True,True,,,,,,0.1,base,aps,,,11,316,0.9841772151898734,0.9335443037974684,0.9841772151898734,1.0,0.9841772151898734,0.9335443037974684,0.9841772151898734,1.0,0.0,0.0,0.0,0.0,-0.0
phase8_human_activity_recognition_seed_59,human_activity_recognition,59,dd04e35228be54d0,2acc48bb7a97d57c,e4b3645,True,False,False,small_neural_network,all_features,561,561,none,59,-1,True,True,,,,,,0.1,base,aps,,,14,323,0.6687306501547987,0.6594427244582043,1.021671826625387,1.0,0.6687306501547987,0.6594427244582043,1.021671826625387,1.0,0.0,0.0,0.0,0.0,-0.0
phase8_human_activity_recognition_seed_59,human_activity_recognition,59,dd04e35228be54d0,2acc48bb7a97d57c,e4b3645,True,False,False,small_neural_network,all_features,561,561,none,59,-1,True,True,,,,,,0.1,base,aps,,,20,354,0.8757062146892656,0.8192090395480226,0.9887005649717514,1.0,0.8757062146892656,0.8192090395480226,0.9887005649717514,1.0,0.0,0.0,0.0,0.0,-0.0
phase8_human_activity_recognition_seed_59,human_activity_recognition,59,dd04e35228be54d0,2acc48bb7a97d57c,e4b3645,True,False,False,small_neural_network,all_features,561,561,none,59,-1,True,True,,,,,,0.1,base,aps,,,27,376,0.9680851063829788,0.9148936170212766,0.9840425531914894,1.0,0.9680851063829788,0.9148936170212766,0.9840425531914894,1.0,0.0,0.0,0.0,0.0,-0.0
phase8_human_activity_recognition_seed_59,human_activity_recognition,59,dd04e35228be54d0,2acc48bb7a97d57c,e4b3645,True,False,False,small_neural_network,conformal_harm_one_shot,559,559,selection_train+tune_crossfit,59,-1,True,True,2.0,-0.017755705690565,0.0113085834649816,0.0403779144678609,0.1092746871952502,0.1,base,aps,,,4,317,0.9116719242902208,0.8990536277602523,1.025236593059937,1.0,0.9274447949526814,0.9116719242902208,1.0662460567823344,2.0,-0.0157728706624605,-0.0126182965299684,-0.0410094637223974,-1.0,0.0410094637223974
phase8_human_activity_recognition_seed_59,human_activity_recognition,59,dd04e35228be54d0,2acc48bb7a97d57c,e4b3645,True,False,False,small_neural_network,conformal_harm_one_shot,559,559,selection_train+tune_crossfit,59,-1,True,True,2.0,-0.017755705690565,0.0113085834649816,0.0403779144678609,0.1092746871952502,0.1,base,aps,,,11,316,0.9841772151898734,0.9335443037974684,0.9683544303797468,1.0,0.9841772151898734,0.9335443037974684,0.9841772151898734,1.0,0.0,0.0,-0.0158227848101265,0.0,0.0158227848101265
phase8_human_activity_recognition_seed_59,human_activity_recognition,59,dd04e35228be54d0,2acc48bb7a97d57c,e4b3645,True,False,False,small_neural_network,conformal_harm_one_shot,559,559,selection_train+tune_crossfit,59,-1,True,True,2.0,-0.017755705690565,0.0113085834649816,0.0403779144678609,0.1092746871952502,0.1,base,aps,,,14,323,0.6718266253869969,0.6563467492260062,0.9969040247678018,1.0,0.6687306501547987,0.6594427244582043,1.021671826625387,1.0,0.0030959752321981,-0.003095975232198,-0.0247678018575852,0.0,0.0247678018575852
phase8_human_activity_recognition_seed_59,human_activity_recognition,59,dd04e35228be54d0,2acc48bb7a97d57c,e4b3645,True,False,False,small_neural_network,conformal_harm_one_shot,559,559,selection_train+tune_crossfit,59,-1,True,True,2.0,-0.017755705690565,0.0113085834649816,0.0403779144678609,0.1092746871952502,0.1,base,aps,,,20,354,0.8531073446327684,0.7966101694915254,0.96045197740113,1.0,0.8757062146892656,0.8192090395480226,0.9887005649717514,1.0,-0.0225988700564971,-0.0225988700564971,-0.0282485875706214,0.0,0.0282485875706214
phase8_human_activity_recognition_seed_59,human_activity_recognition,59,dd04e35228be54d0,2acc48bb7a97d57c,e4b3645,True,False,False,small_neural_network,conformal_harm_one_shot,559,559,selection_train+tune_crossfit,59,-1,True,True,2.0,-0.017755705690565,0.0113085834649816,0.0403779144678609,0.1092746871952502,0.1,base,aps,,,27,376,0.973404255319149,0.9175531914893617,0.9707446808510638,1.0,0.9680851063829788,0.9148936170212766,0.9840425531914894,1.0,0.0053191489361702,0.002659574468085,-0.0132978723404255,0.0,0.0132978723404255
phase8_human_activity_recognition_seed_59,human_activity_recognition,59,dd04e35228be54d0,2acc48bb7a97d57c,e4b3645,True,False,False,small_neural_network,conformal_harm_recursive,558,558,selection_train+tune_crossfit,59,-1,True,True,3.0,-0.019527354822807,0.0136810527377231,0.0441643418148409,0.0886108334512416,0.1,base,aps,,,4,317,0.9337539432176656,0.917981072555205,1.025236593059937,1.0,0.9274447949526814,0.9116719242902208,1.0662460567823344,2.0,0.0063091482649841,0.0063091482649841,-0.0410094637223974,-1.0,0.0410094637223974
phase8_human_activity_recognition_seed_59,human_activity_recognition,59,dd04e35228be54d0,2acc48bb7a97d57c,e4b3645,True,False,False,small_neural_network,conformal_harm_recursive,558,558,selection_train+tune_crossfit,59,-1,True,True,3.0,-0.019527354822807,0.0136810527377231,0.0441643418148409,0.0886108334512416,0.1,base,aps,,,11,316,0.9841772151898734,0.9335443037974684,0.9746835443037974,1.0,0.9841772151898734,0.9335443037974684,0.9841772151898734,1.0,0.0,0.0,-0.009493670886076,0.0,0.009493670886076
phase8_human_activity_recognition_seed_59,human_activity_recognition,59,dd04e35228be54d0,2acc48bb7a97d57c,e4b3645,True,False,False,small_neural_network,conformal_harm_recursive,558,558,selection_train+tune_crossfit,59,-1,True,True,3.0,-0.019527354822807,0.0136810527377231,0.0441643418148409,0.0886108334512416,0.1,base,aps,,,14,323,0.628482972136223,0.6377708978328174,1.0061919504643964,1.0,0.6687306501547987,0.6594427244582043,1.021671826625387,1.0,-0.0402476780185757,-0.0216718266253869,-0.0154798761609906,0.0,0.0154798761609906
phase8_human_activity_recognition_seed_59,human_activity_recognition,59,dd04e35228be54d0,2acc48bb7a97d57c,e4b3645,True,False,False,small_neural_network,conformal_harm_recursive,558,558,selection_train+tune_crossfit,59,-1,True,True,3.0,-0.019527354822807,0.0136810527377231,0.0441643418148409,0.0886108334512416,0.1,base,aps,,,20,354,0.8502824858757062,0.8163841807909604,0.9915254237288136,1.0,0.8757062146892656,0.8192090395480226,0.9887005649717514,1.0,-0.0254237288135593,-0.0028248587570621,0.0028248587570621,0.0,-0.0028248587570621
phase8_human_activity_recognition_seed_59,human_activity_recognition,59,dd04e35228be54d0,2acc48bb7a97d57c,e4b3645,True,False,False,small_neural_network,conformal_harm_recursive,558,558,selection_train+tune_crossfit,59,-1,True,True,3.0,-0.019527354822807,0.0136810527377231,0.0441643418148409,0.0886108334512416,0.1,base,aps,,,27,376,0.973404255319149,0.928191489361702,0.9680851063829788,1.0,0.9680851063829788,0.9148936170212766,0.9840425531914894,1.0,0.0053191489361702,0.0132978723404255,-0.0159574468085106,0.0,0.0159574468085106
phase8_human_activity_recognition_seed_60,human_activity_recognition,60,87fbda27fdadff11,a2830f163493c19e,e4b3645,True,False,False,logistic_regression,all_features,561,561,none,60,-1,True,True,,,,,,0.1,base,aps,,,3,341,0.9706744868035192,0.9002932551319648,0.9618768328445748,1.0,0.9706744868035192,0.9002932551319648,0.9618768328445748,1.0,0.0,0.0,0.0,0.0,-0.0
phase8_human_activity_recognition_seed_60,human_activity_recognition,60,87fbda27fdadff11,a2830f163493c19e,e4b3645,True,False,False,logistic_regression,all_features,561,561,none,60,-1,True,True,,,,,,0.1,base,aps,,,5,302,0.9105960264900662,0.8675496688741722,0.9867549668874172,1.0,0.9105960264900662,0.8675496688741722,0.9867549668874172,1.0,0.0,0.0,0.0,0.0,-0.0
phase8_human_activity_recognition_seed_60,human_activity_recognition,60,87fbda27fdadff11,a2830f163493c19e,e4b3645,True,False,False,logistic_regression,all_features,561,561,none,60,-1,True,True,,,,,,0.1,base,aps,,,22,321,0.9003115264797508,0.8473520249221184,0.9844236760124612,1.0,0.9003115264797508,0.8473520249221184,0.9844236760124612,1.0,0.0,0.0,0.0,0.0,-0.0
phase8_human_activity_recognition_seed_60,human_activity_recognition,60,87fbda27fdadff11,a2830f163493c19e,e4b3645,True,False,False,logistic_regression,all_features,561,561,none,60,-1,True,True,,,,,,0.1,base,aps,,,23,372,0.967741935483871,0.9193548387096774,0.9731182795698924,1.0,0.967741935483871,0.9193548387096774,0.9731182795698924,1.0,0.0,0.0,0.0,0.0,-0.0
phase8_human_activity_recognition_seed_60,human_activity_recognition,60,87fbda27fdadff11,a2830f163493c19e,e4b3645,True,False,False,logistic_regression,all_features,561,561,none,60,-1,True,True,,,,,,0.1,base,aps,,,26,392,0.9872448979591836,0.9438775510204082,1.0051020408163265,1.0,0.9872448979591836,0.9438775510204082,1.0051020408163265,1.0,0.0,0.0,0.0,0.0,-0.0
phase8_human_activity_recognition_seed_60,human_activity_recognition,60,87fbda27fdadff11,a2830f163493c19e,e4b3645,True,False,False,logistic_regression,conformal_harm_one_shot,556,556,selection_train+tune_crossfit,60,-1,True,True,5.0,-0.0058823529411764,0.0058823529411764,0.0183529411764705,0.1269612798405832,0.1,base,aps,,,3,341,0.9648093841642228,0.8944281524926686,0.9560117302052786,1.0,0.9706744868035192,0.9002932551319648,0.9618768328445748,1.0,-0.0058651026392961,-0.0058651026392961,-0.0058651026392961,0.0,0.0058651026392961
phase8_human_activity_recognition_seed_60,human_activity_recognition,60,87fbda27fdadff11,a2830f163493c19e,e4b3645,True,False,False,logistic_regression,conformal_harm_one_shot,556,556,selection_train+tune_crossfit,60,-1,True,True,5.0,-0.0058823529411764,0.0058823529411764,0.0183529411764705,0.1269612798405832,0.1,base,aps,,,5,302,0.8973509933774835,0.8609271523178808,0.9900662251655628,1.0,0.9105960264900662,0.8675496688741722,0.9867549668874172,1.0,-0.0132450331125827,-0.0066225165562914,0.0033112582781456,0.0,-0.0033112582781456
phase8_human_activity_recognition_seed_60,human_activity_recognition,60,87fbda27fdadff11,a2830f163493c19e,e4b3645,True,False,False,logistic_regression,conformal_harm_one_shot,556,556,selection_train+tune_crossfit,60,-1,True,True,5.0,-0.0058823529411764,0.0058823529411764,0.0183529411764705,0.1269612798405832,0.1,base,aps,,,22,321,0.909657320872274,0.8598130841121495,0.9813084112149532,1.0,0.9003115264797508,0.8473520249221184,0.9844236760124612,1.0,0.0093457943925233,0.0124610591900311,-0.0031152647975077,0.0,0.0031152647975077
phase8_human_activity_recognition_seed_60,human_activity_recognition,60,87fbda27fdadff11,a2830f163493c19e,e4b3645,True,False,False,logistic_regression,conformal_harm_one_shot,556,556,selection_train+tune_crossfit,60,-1,True,True,5.0,-0.0058823529411764,0.0058823529411764,0.0183529411764705,0.1269612798405832,0.1,base,aps,,,23,372,0.9704301075268816,0.9112903225806452,0.9596774193548387,1.0,0.967741935483871,0.9193548387096774,0.9731182795698924,1.0,0.0026881720430107,-0.0080645161290322,-0.0134408602150537,0.0,0.0134408602150537
phase8_human_activity_recognition_seed_60,human_activity_recognition,60,87fbda27fdadff11,a2830f163493c19e,e4b3645,True,False,False,logistic_regression,conformal_harm_one_shot,556,556,selection_train+tune_crossfit,60,-1,True,True,5.0,-0.0058823529411764,0.0058823529411764,0.0183529411764705,0.1269612798405832,0.1,base,aps,,,26,392,0.9846938775510204,0.9464285714285714,1.0331632653061225,1.0,0.9872448979591836,0.9438775510204082,1.0051020408163265,1.0,-0.0025510204081632,0.0025510204081632,0.0280612244897959,0.0,-0.0280612244897959
phase8_human_activity_recognition_seed_60,human_activity_recognition,60,87fbda27fdadff11,a2830f163493c19e,e4b3645,True,False,False,logistic_regression,conformal_harm_recursive,556,556,selection_train+tune_crossfit,60,-1,True,True,5.0,-0.0041176470588235,0.0088235294117647,0.0234117647058823,0.1248996735243475,0.1,base,aps,,,3,341,0.967741935483871,0.8914956011730205,0.9589442815249268,1.0,0.9706744868035192,0.9002932551319648,0.9618768328445748,1.0,-0.002932551319648,-0.0087976539589442,-0.002932551319648,0.0,0.002932551319648
phase8_human_activity_recognition_seed_60,human_activity_recognition,60,87fbda27fdadff11,a2830f163493c19e,e4b3645,True,False,False,logistic_regression,conformal_harm_recursive,556,556,selection_train+tune_crossfit,60,-1,True,True,5.0,-0.0041176470588235,0.0088235294117647,0.0234117647058823,0.1248996735243475,0.1,base,aps,,,5,302,0.9072847682119204,0.8642384105960265,0.9900662251655628,1.0,0.9105960264900662,0.8675496688741722,0.9867549668874172,1.0,-0.0033112582781457,-0.0033112582781457,0.0033112582781456,0.0,-0.0033112582781456
phase8_human_activity_recognition_seed_60,human_activity_recognition,60,87fbda27fdadff11,a2830f163493c19e,e4b3645,True,False,False,logistic_regression,conformal_harm_recursive,556,556,selection_train+tune_crossfit,60,-1,True,True,5.0,-0.0041176470588235,0.0088235294117647,0.0234117647058823,0.1248996735243475,0.1,base,aps,,,22,321,0.9158878504672896,0.8629283489096573,0.9875389408099688,1.0,0.9003115264797508,0.8473520249221184,0.9844236760124612,1.0,0.0155763239875389,0.0155763239875389,0.0031152647975077,0.0,-0.0031152647975077
phase8_human_activity_recognition_seed_60,human_activity_recognition,60,87fbda27fdadff11,a2830f163493c19e,e4b3645,True,False,False,logistic_regression,conformal_harm_recursive,556,556,selection_train+tune_crossfit,60,-1,True,True,5.0,-0.0041176470588235,0.0088235294117647,0.0234117647058823,0.1248996735243475,0.1,base,aps,,,23,372,0.967741935483871,0.913978494623656,0.9650537634408602,1.0,0.967741935483871,0.9193548387096774,0.9731182795698924,1.0,0.0,-0.0053763440860215,-0.0080645161290322,0.0,0.0080645161290322
phase8_human_activity_recognition_seed_60,human_activity_recognition,60,87fbda27fdadff11,a2830f163493c19e,e4b3645,True,False,False,logistic_regression,conformal_harm_recursive,556,556,selection_train+tune_crossfit,60,-1,True,True,5.0,-0.0041176470588235,0.0088235294117647,0.0234117647058823,0.1248996735243475,0.1,base,aps,,,26,392,0.9846938775510204,0.9464285714285714,1.0178571428571428,1.0,0.9872448979591836,0.9438775510204082,1.0051020408163265,1.0,-0.0025510204081632,0.0025510204081632,0.0127551020408163,0.0,-0.0127551020408163
phase8_human_activity_recognition_seed_60,human_activity_recognition,60,87fbda27fdadff11,a2830f163493c19e,e4b3645,True,False,False,small_neural_network,all_features,561,561,none,60,-1,True,True,,,,,,0.1,base,aps,,,3,341,0.9765395894428152,0.9002932551319648,0.93841642228739,1.0,0.9765395894428152,0.9002932551319648,0.93841642228739,1.0,0.0,0.0,0.0,0.0,-0.0
phase8_human_activity_recognition_seed_60,human_activity_recognition,60,87fbda27fdadff11,a2830f163493c19e,e4b3645,True,False,False,small_neural_network,all_features,561,561,none,60,-1,True,True,,,,,,0.1,base,aps,,,5,302,0.9039735099337748,0.8708609271523179,0.9900662251655628,1.0,0.9039735099337748,0.8708609271523179,0.9900662251655628,1.0,0.0,0.0,0.0,0.0,-0.0
phase8_human_activity_recognition_seed_60,human_activity_recognition,60,87fbda27fdadff11,a2830f163493c19e,e4b3645,True,False,False,small_neural_network,all_features,561,561,none,60,-1,True,True,,,,,,0.1,base,aps,,,22,321,0.8847352024922118,0.8255451713395638,0.9781931464174456,1.0,0.8847352024922118,0.8255451713395638,0.9781931464174456,1.0,0.0,0.0,0.0,0.0,-0.0
phase8_human_activity_recognition_seed_60,human_activity_recognition,60,87fbda27fdadff11,a2830f163493c19e,e4b3645,True,False,False,small_neural_network,all_features,561,561,none,60,-1,True,True,,,,,,0.1,base,aps,,,23,372,0.9704301075268816,0.922043010752688,0.9838709677419356,1.0,0.9704301075268816,0.922043010752688,0.9838709677419356,1.0,0.0,0.0,0.0,0.0,-0.0
phase8_human_activity_recognition_seed_60,human_activity_recognition,60,87fbda27fdadff11,a2830f163493c19e,e4b3645,True,False,False,small_neural_network,all_features,561,561,none,60,-1,True,True,,,,,,0.1,base,aps,,,26,392,0.9566326530612244,0.9362244897959184,1.0,1.0,0.9566326530612244,0.9362244897959184,1.0,1.0,0.0,0.0,0.0,0.0,-0.0
phase8_human_activity_recognition_seed_60,human_activity_recognition,60,87fbda27fdadff11,a2830f163493c19e,e4b3645,True,False,False,small_neural_network,conformal_harm_one_shot,561,561,selection_train+tune_crossfit,60,-1,True,True,0.0,0.0,0.0058823529411765,0.0,0.119633487654321,0.1,base,aps,,,3,341,0.9765395894428152,0.9002932551319648,0.93841642228739,1.0,0.9765395894428152,0.9002932551319648,0.93841642228739,1.0,0.0,0.0,0.0,0.0,-0.0
phase8_human_activity_recognition_seed_60,human_activity_recognition,60,87fbda27fdadff11,a2830f163493c19e,e4b3645,True,False,False,small_neural_network,conformal_harm_one_shot,561,561,selection_train+tune_crossfit,60,-1,True,True,0.0,0.0,0.0058823529411765,0.0,0.119633487654321,0.1,base,aps,,,5,302,0.9039735099337748,0.8708609271523179,0.9900662251655628,1.0,0.9039735099337748,0.8708609271523179,0.9900662251655628,1.0,0.0,0.0,0.0,0.0,-0.0
phase8_human_activity_recognition_seed_60,human_activity_recognition,60,87fbda27fdadff11,a2830f163493c19e,e4b3645,True,False,False,small_neural_network,conformal_harm_one_shot,561,561,selection_train+tune_crossfit,60,-1,True,True,0.0,0.0,0.0058823529411765,0.0,0.119633487654321,0.1,base,aps,,,22,321,0.8847352024922118,0.8255451713395638,0.9781931464174456,1.0,0.8847352024922118,0.8255451713395638,0.9781931464174456,1.0,0.0,0.0,0.0,0.0,-0.0
phase8_human_activity_recognition_seed_60,human_activity_recognition,60,87fbda27fdadff11,a2830f163493c19e,e4b3645,True,False,False,small_neural_network,conformal_harm_one_shot,561,561,selection_train+tune_crossfit,60,-1,True,True,0.0,0.0,0.0058823529411765,0.0,0.119633487654321,0.1,base,aps,,,23,372,0.9704301075268816,0.922043010752688,0.9838709677419356,1.0,0.9704301075268816,0.922043010752688,0.9838709677419356,1.0,0.0,0.0,0.0,0.0,-0.0
phase8_human_activity_recognition_seed_60,human_activity_recognition,60,87fbda27fdadff11,a2830f163493c19e,e4b3645,True,False,False,small_neural_network,conformal_harm_one_shot,561,561,selection_train+tune_crossfit,60,-1,True,True,0.0,0.0,0.0058823529411765,0.0,0.119633487654321,0.1,base,aps,,,26,392,0.9566326530612244,0.9362244897959184,1.0,1.0,0.9566326530612244,0.9362244897959184,1.0,1.0,0.0,0.0,0.0,0.0,-0.0
phase8_human_activity_recognition_seed_60,human_activity_recognition,60,87fbda27fdadff11,a2830f163493c19e,e4b3645,True,False,False,small_neural_network,conformal_harm_recursive,559,559,selection_train+tune_crossfit,60,-1,True,True,2.0,-0.0076470588235294,0.0064705882352941,0.0135294117647058,0.1454874247647687,0.1,base,aps,,,3,341,0.9853372434017597,0.9120234604105572,0.93841642228739,1.0,0.9765395894428152,0.9002932551319648,0.93841642228739,1.0,0.0087976539589442,0.0117302052785923,0.0,0.0,-0.0
phase8_human_activity_recognition_seed_60,human_activity_recognition,60,87fbda27fdadff11,a2830f163493c19e,e4b3645,True,False,False,small_neural_network,conformal_harm_recursive,559,559,selection_train+tune_crossfit,60,-1,True,True,2.0,-0.0076470588235294,0.0064705882352941,0.0135294117647058,0.1454874247647687,0.1,base,aps,,,5,302,0.8973509933774835,0.8576158940397351,0.9602649006622516,1.0,0.9039735099337748,0.8708609271523179,0.9900662251655628,1.0,-0.0066225165562913,-0.0132450331125827,-0.0298013245033111,0.0,0.0298013245033111
phase8_human_activity_recognition_seed_60,human_activity_recognition,60,87fbda27fdadff11,a2830f163493c19e,e4b3645,True,False,False,small_neural_network,conformal_harm_recursive,559,559,selection_train+tune_crossfit,60,-1,True,True,2.0,-0.0076470588235294,0.0064705882352941,0.0135294117647058,0.1454874247647687,0.1,base,aps,,,22,321,0.8940809968847352,0.8473520249221184,0.9813084112149532,1.0,0.8847352024922118,0.8255451713395638,0.9781931464174456,1.0,0.0093457943925233,0.0218068535825545,0.0031152647975077,0.0,-0.0031152647975077
phase8_human_activity_recognition_seed_60,human_activity_recognition,60,87fbda27fdadff11,a2830f163493c19e,e4b3645,True,False,False,small_neural_network,conformal_harm_recursive,559,559,selection_train+tune_crossfit,60,-1,True,True,2.0,-0.0076470588235294,0.0064705882352941,0.0135294117647058,0.1454874247647687,0.1,base,aps,,,23,372,0.9704301075268816,0.913978494623656,0.9596774193548387,1.0,0.9704301075268816,0.922043010752688,0.9838709677419356,1.0,0.0,-0.0080645161290322,-0.0241935483870967,0.0,0.0241935483870967
phase8_human_activity_recognition_seed_60,human_activity_recognition,60,87fbda27fdadff11,a2830f163493c19e,e4b3645,True,False,False,small_neural_network,conformal_harm_recursive,559,559,selection_train+tune_crossfit,60,-1,True,True,2.0,-0.0076470588235294,0.0064705882352941,0.0135294117647058,0.1454874247647687,0.1,base,aps,,,26,392,0.9617346938775512,0.9438775510204082,1.0051020408163265,1.0,0.9566326530612244,0.9362244897959184,1.0,1.0,0.0051020408163265,0.0076530612244898,0.0051020408163264,0.0,-0.0051020408163264
phase8_human_activity_recognition_seed_61,human_activity_recognition,61,e57efa99f9b5e02f,6f5797fcc453e608,e4b3645,True,False,False,logistic_regression,all_features,561,561,none,61,-1,True,True,,,,,,0.1,base,aps,,,6,325,0.8584615384615385,0.7938461538461539,1.015384615384615,1.0,0.8584615384615385,0.7938461538461539,1.015384615384615,1.0,0.0,0.0,0.0,0.0,-0.0
phase8_human_activity_recognition_seed_61,human_activity_recognition,61,e57efa99f9b5e02f,6f5797fcc453e608,e4b3645,True,False,False,logistic_regression,all_features,561,561,none,61,-1,True,True,,,,,,0.1,base,aps,,,11,316,0.981012658227848,0.9082278481012658,0.9430379746835444,1.0,0.981012658227848,0.9082278481012658,0.9430379746835444,1.0,0.0,0.0,0.0,0.0,-0.0
phase8_human_activity_recognition_seed_61,human_activity_recognition,61,e57efa99f9b5e02f,6f5797fcc453e608,e4b3645,True,False,False,logistic_regression,all_features,561,561,none,61,-1,True,True,,,,,,0.1,base,aps,,,20,354,0.96045197740113,0.9180790960451978,1.0112994350282485,1.0,0.96045197740113,0.9180790960451978,1.0112994350282485,1.0,0.0,0.0,0.0,0.0,-0.0
phase8_human_activity_recognition_seed_61,human_activity_recognition,61,e57efa99f9b5e02f,6f5797fcc453e608,e4b3645,True,False,False,logistic_regression,all_features,561,561,none,61,-1,True,True,,,,,,0.1,base,aps,,,22,321,0.9750778816199376,0.9345794392523364,0.9750778816199376,1.0,0.9750778816199376,0.9345794392523364,0.9750778816199376,1.0,0.0,0.0,0.0,0.0,-0.0
phase8_human_activity_recognition_seed_61,human_activity_recognition,61,e57efa99f9b5e02f,6f5797fcc453e608,e4b3645,True,False,False,logistic_regression,all_features,561,561,none,61,-1,True,True,,,,,,0.1,base,aps,,,25,409,0.9168704156479216,0.8875305623471883,1.0073349633251834,1.0,0.9168704156479216,0.8875305623471883,1.0073349633251834,1.0,0.0,0.0,0.0,0.0,-0.0
phase8_human_activity_recognition_seed_61,human_activity_recognition,61,e57efa99f9b5e02f,6f5797fcc453e608,e4b3645,True,False,False,logistic_regression,conformal_harm_one_shot,558,558,selection_train+tune_crossfit,61,-1,True,True,3.0,-0.0059171680503735,0.0172257515153552,0.0047379359797429,0.1169728815933576,0.1,base,aps,,,6,325,0.8523076923076923,0.796923076923077,1.0061538461538462,1.0,0.8584615384615385,0.7938461538461539,1.015384615384615,1.0,-0.0061538461538461,0.003076923076923,-0.0092307692307691,0.0,0.0092307692307691
phase8_human_activity_recognition_seed_61,human_activity_recognition,61,e57efa99f9b5e02f,6f5797fcc453e608,e4b3645,True,False,False,logistic_regression,conformal_harm_one_shot,558,558,selection_train+tune_crossfit,61,-1,True,True,3.0,-0.0059171680503735,0.0172257515153552,0.0047379359797429,0.1169728815933576,0.1,base,aps,,,11,316,0.9778481012658228,0.9145569620253164,0.9462025316455696,1.0,0.981012658227848,0.9082278481012658,0.9430379746835444,1.0,-0.0031645569620253,0.0063291139240506,0.0031645569620253,0.0,-0.0031645569620253
phase8_human_activity_recognition_seed_61,human_activity_recognition,61,e57efa99f9b5e02f,6f5797fcc453e608,e4b3645,True,False,False,logistic_regression,conformal_harm_one_shot,558,558,selection_train+tune_crossfit,61,-1,True,True,3.0,-0.0059171680503735,0.0172257515153552,0.0047379359797429,0.1169728815933576,0.1,base,aps,,,20,354,0.96045197740113,0.9124293785310734,1.0,1.0,0.96045197740113,0.9180790960451978,1.0112994350282485,1.0,0.0,-0.0056497175141243,-0.0112994350282484,0.0,0.0112994350282484
phase8_human_activity_recognition_seed_61,human_activity_recognition,61,e57efa99f9b5e02f,6f5797fcc453e608,e4b3645,True,False,False,logistic_regression,conformal_harm_one_shot,558,558,selection_train+tune_crossfit,61,-1,True,True,3.0,-0.0059171680503735,0.0172257515153552,0.0047379359797429,0.1169728815933576,0.1,base,aps,,,22,321,0.97196261682243,0.9376947040498442,0.9813084112149532,1.0,0.9750778816199376,0.9345794392523364,0.9750778816199376,1.0,-0.0031152647975077,0.0031152647975077,0.0062305295950155,0.0,-0.0062305295950155
phase8_human_activity_recognition_seed_61,human_activity_recognition,61,e57efa99f9b5e02f,6f5797fcc453e608,e4b3645,True,False,False,logistic_regression,conformal_harm_one_shot,558,558,selection_train+tune_crossfit,61,-1,True,True,3.0,-0.0059171680503735,0.0172257515153552,0.0047379359797429,0.1169728815933576,0.1,base,aps,,,25,409,0.9144254278728606,0.8728606356968215,1.0,1.0,0.9168704156479216,0.8875305623471883,1.0073349633251834,1.0,-0.002444987775061,-0.0146699266503668,-0.0073349633251833,0.0,0.0073349633251833
phase8_human_activity_recognition_seed_61,human_activity_recognition,61,e57efa99f9b5e02f,6f5797fcc453e608,e4b3645,True,False,False,logistic_regression,conformal_harm_recursive,557,557,selection_train+tune_crossfit,61,-1,True,True,4.0,-0.0047337344402988,0.0184091851254299,0.0076980605693925,0.1170600183378753,0.1,base,aps,,,6,325,0.8523076923076923,0.8,1.015384615384615,1.0,0.8584615384615385,0.7938461538461539,1.015384615384615,1.0,-0.0061538461538461,0.0061538461538461,0.0,0.0,-0.0
phase8_human_activity_recognition_seed_61,human_activity_recognition,61,e57efa99f9b5e02f,6f5797fcc453e608,e4b3645,True,False,False,logistic_regression,conformal_harm_recursive,557,557,selection_train+tune_crossfit,61,-1,True,True,4.0,-0.0047337344402988,0.0184091851254299,0.0076980605693925,0.1170600183378753,0.1,base,aps,,,11,316,0.9778481012658228,0.9082278481012658,0.9462025316455696,1.0,0.981012658227848,0.9082278481012658,0.9430379746835444,1.0,-0.0031645569620253,0.0,0.0031645569620253,0.0,-0.0031645569620253
phase8_human_activity_recognition_seed_61,human_activity_recognition,61,e57efa99f9b5e02f,6f5797fcc453e608,e4b3645,True,False,False,logistic_regression,conformal_harm_recursive,557,557,selection_train+tune_crossfit,61,-1,True,True,4.0,-0.0047337344402988,0.0184091851254299,0.0076980605693925,0.1170600183378753,0.1,base,aps,,,20,354,0.9519774011299436,0.9180790960451978,1.0084745762711864,1.0,0.96045197740113,0.9180790960451978,1.0112994350282485,1.0,-0.0084745762711864,0.0,-0.002824858757062,0.0,0.002824858757062
phase8_human_activity_recognition_seed_61,human_activity_recognition,61,e57efa99f9b5e02f,6f5797fcc453e608,e4b3645,True,False,False,logistic_regression,conformal_harm_recursive,557,557,selection_train+tune_crossfit,61,-1,True,True,4.0,-0.0047337344402988,0.0184091851254299,0.0076980605693925,0.1170600183378753,0.1,base,aps,,,22,321,0.97196261682243,0.9345794392523364,0.9781931464174456,1.0,0.9750778816199376,0.9345794392523364,0.9750778816199376,1.0,-0.0031152647975077,0.0,0.0031152647975077,0.0,-0.0031152647975077
phase8_human_activity_recognition_seed_61,human_activity_recognition,61,e57efa99f9b5e02f,6f5797fcc453e608,e4b3645,True,False,False,logistic_regression,conformal_harm_recursive,557,557,selection_train+tune_crossfit,61,-1,True,True,4.0,-0.0047337344402988,0.0184091851254299,0.0076980605693925,0.1170600183378753,0.1,base,aps,,,25,409,0.9119804400977995,0.8777506112469438,1.0073349633251834,1.0,0.9168704156479216,0.8875305623471883,1.0073349633251834,1.0,-0.0048899755501221,-0.0097799511002445,0.0,0.0,-0.0
phase8_human_activity_recognition_seed_61,human_activity_recognition,61,e57efa99f9b5e02f,6f5797fcc453e608,e4b3645,True,False,False,small_neural_network,all_features,561,561,none,61,-1,True,True,,,,,,0.1,base,aps,,,6,325,0.8553846153846154,0.8184615384615385,1.0861538461538462,2.0,0.8553846153846154,0.8184615384615385,1.0861538461538462,2.0,0.0,0.0,0.0,0.0,-0.0
phase8_human_activity_recognition_seed_61,human_activity_recognition,61,e57efa99f9b5e02f,6f5797fcc453e608,e4b3645,True,False,False,small_neural_network,all_features,561,561,none,61,-1,True,True,,,,,,0.1,base,aps,,,11,316,0.981012658227848,0.9240506329113924,0.9841772151898734,1.0,0.981012658227848,0.9240506329113924,0.9841772151898734,1.0,0.0,0.0,0.0,0.0,-0.0
phase8_human_activity_recognition_seed_61,human_activity_recognition,61,e57efa99f9b5e02f,6f5797fcc453e608,e4b3645,True,False,False,small_neural_network,all_features,561,561,none,61,-1,True,True,,,,,,0.1,base,aps,,,20,354,0.9548022598870056,0.9322033898305084,1.0903954802259888,2.0,0.9548022598870056,0.9322033898305084,1.0903954802259888,2.0,0.0,0.0,0.0,0.0,-0.0
phase8_human_activity_recognition_seed_61,human_activity_recognition,61,e57efa99f9b5e02f,6f5797fcc453e608,e4b3645,True,False,False,small_neural_network,all_features,561,561,none,61,-1,True,True,,,,,,0.1,base,aps,,,22,321,0.9439252336448598,0.9158878504672896,0.9906542056074766,1.0,0.9439252336448598,0.9158878504672896,0.9906542056074766,1.0,0.0,0.0,0.0,0.0,-0.0
phase8_human_activity_recognition_seed_61,human_activity_recognition,61,e57efa99f9b5e02f,6f5797fcc453e608,e4b3645,True,False,False,small_neural_network,all_features,561,561,none,61,-1,True,True,,,,,,0.1,base,aps,,,25,409,0.8948655256723717,0.882640586797066,1.0684596577017116,2.0,0.8948655256723717,0.882640586797066,1.0684596577017116,2.0,0.0,0.0,0.0,0.0,-0.0
phase8_human_activity_recognition_seed_61,human_activity_recognition,61,e57efa99f9b5e02f,6f5797fcc453e608,e4b3645,True,False,False,small_neural_network,conformal_harm_one_shot,560,560,selection_train+tune_crossfit,61,-1,True,True,1.0,2.801026296017639e-06,0.0142538626152622,0.0378883622959451,0.1262657113567481,0.1,base,aps,,,6,325,0.8769230769230769,0.8307692307692308,1.033846153846154,1.0,0.8553846153846154,0.8184615384615385,1.0861538461538462,2.0,0.0215384615384615,0.0123076923076923,-0.0523076923076923,-1.0,0.0523076923076923
phase8_human_activity_recognition_seed_61,human_activity_recognition,61,e57efa99f9b5e02f,6f5797fcc453e608,e4b3645,True,False,False,small_neural_network,conformal_harm_one_shot,560,560,selection_train+tune_crossfit,61,-1,True,True,1.0,2.801026296017639e-06,0.0142538626152622,0.0378883622959451,0.1262657113567481,0.1,base,aps,,,11,316,0.981012658227848,0.9177215189873418,0.9493670886075948,1.0,0.981012658227848,0.9240506329113924,0.9841772151898734,1.0,0.0,-0.0063291139240506,-0.0348101265822785,0.0,0.0348101265822785
phase8_human_activity_recognition_seed_61,human_activity_recognition,61,e57efa99f9b5e02f,6f5797fcc453e608,e4b3645,True,False,False,small_neural_network,conformal_harm_one_shot,560,560,selection_train+tune_crossfit,61,-1,True,True,1.0,2.801026296017639e-06,0.0142538626152622,0.0378883622959451,0.1262657113567481,0.1,base,aps,,,20,354,0.9717514124293786,0.9209039548022598,0.9971751412429378,1.0,0.9548022598870056,0.9322033898305084,1.0903954802259888,2.0,0.0169491525423729,-0.0112994350282485,-0.0932203389830509,-1.0,0.0932203389830509
phase8_human_activity_recognition_seed_61,human_activity_recognition,61,e57efa99f9b5e02f,6f5797fcc453e608,e4b3645,True,False,False,small_neural_network,conformal_harm_one_shot,560,560,selection_train+tune_crossfit,61,-1,True,True,1.0,2.801026296017639e-06,0.0142538626152622,0.0378883622959451,0.1262657113567481,0.1,base,aps,,,22,321,0.9595015576323987,0.9314641744548288,0.9875389408099688,1.0,0.9439252336448598,0.9158878504672896,0.9906542056074766,1.0,0.0155763239875389,0.0155763239875389,-0.0031152647975077,0.0,0.0031152647975077
phase8_human_activity_recognition_seed_61,human_activity_recognition,61,e57efa99f9b5e02f,6f5797fcc453e608,e4b3645,True,False,False,small_neural_network,conformal_harm_one_shot,560,560,selection_train+tune_crossfit,61,-1,True,True,1.0,2.801026296017639e-06,0.0142538626152622,0.0378883622959451,0.1262657113567481,0.1,base,aps,,,25,409,0.9119804400977995,0.8924205378973105,1.0268948655256724,1.0,0.8948655256723717,0.882640586797066,1.0684596577017116,2.0,0.0171149144254278,0.0097799511002444,-0.0415647921760391,-1.0,0.0415647921760391
phase8_human_activity_recognition_seed_61,human_activity_recognition,61,e57efa99f9b5e02f,6f5797fcc453e608,e4b3645,True,False,False,small_neural_network,conformal_harm_recursive,558,558,selection_train+tune_crossfit,61,-1,True,True,3.0,0.0011862346363707,0.0148546827557617,0.0402569101318723,0.1215206309056873,0.1,base,aps,,,6,325,0.8676923076923077,0.8338461538461538,1.033846153846154,1.0,0.8553846153846154,0.8184615384615385,1.0861538461538462,2.0,0.0123076923076922,0.0153846153846153,-0.0523076923076923,-1.0,0.0523076923076923
phase8_human_activity_recognition_seed_61,human_activity_recognition,61,e57efa99f9b5e02f,6f5797fcc453e608,e4b3645,True,False,False,small_neural_network,conformal_harm_recursive,558,558,selection_train+tune_crossfit,61,-1,True,True,3.0,0.0011862346363707,0.0148546827557617,0.0402569101318723,0.1215206309056873,0.1,base,aps,,,11,316,0.981012658227848,0.9240506329113924,0.9683544303797468,1.0,0.981012658227848,0.9240506329113924,0.9841772151898734,1.0,0.0,0.0,-0.0158227848101265,0.0,0.0158227848101265
phase8_human_activity_recognition_seed_61,human_activity_recognition,61,e57efa99f9b5e02f,6f5797fcc453e608,e4b3645,True,False,False,small_neural_network,conformal_harm_recursive,558,558,selection_train+tune_crossfit,61,-1,True,True,3.0,0.0011862346363707,0.0148546827557617,0.0402569101318723,0.1215206309056873,0.1,base,aps,,,20,354,0.9576271186440678,0.9265536723163842,1.0169491525423728,1.0,0.9548022598870056,0.9322033898305084,1.0903954802259888,2.0,0.0028248587570621,-0.0056497175141242,-0.0734463276836159,-1.0,0.0734463276836159
phase8_human_activity_recognition_seed_61,human_activity_recognition,61,e57efa99f9b5e02f,6f5797fcc453e608,e4b3645,True,False,False,small_neural_network,conformal_harm_recursive,558,558,selection_train+tune_crossfit,61,-1,True,True,3.0,0.0011862346363707,0.0148546827557617,0.0402569101318723,0.1215206309056873,0.1,base,aps,,,22,321,0.9532710280373832,0.9345794392523364,0.9937694704049844,1.0,0.9439252336448598,0.9158878504672896,0.9906542056074766,1.0,0.0093457943925233,0.0186915887850467,0.0031152647975077,0.0,-0.0031152647975077
phase8_human_activity_recognition_seed_61,human_activity_recognition,61,e57efa99f9b5e02f,6f5797fcc453e608,e4b3645,True,False,False,small_neural_network,conformal_harm_recursive,558,558,selection_train+tune_crossfit,61,-1,True,True,3.0,0.0011862346363707,0.0148546827557617,0.0402569101318723,0.1215206309056873,0.1,base,aps,,,25,409,0.9168704156479216,0.8948655256723717,1.0366748166259168,1.0,0.8948655256723717,0.882640586797066,1.0684596577017116,2.0,0.02200488997555,0.0122249388753056,-0.0317848410757948,-1.0,0.0317848410757948
phase8_human_activity_recognition_seed_62,human_activity_recognition,62,0f802eb926cb16d2,c3d7d1beadadc71e,e4b3645,True,False,False,logistic_regression,all_features,561,561,none,62,-1,True,True,,,,,,0.1,base,aps,,,5,302,0.8807947019867549,0.8311258278145696,0.9801324503311258,1.0,0.8807947019867549,0.8311258278145696,0.9801324503311258,1.0,0.0,0.0,0.0,0.0,-0.0
phase8_human_activity_recognition_seed_62,human_activity_recognition,62,0f802eb926cb16d2,c3d7d1beadadc71e,e4b3645,True,False,False,logistic_regression,all_features,561,561,none,62,-1,True,True,,,,,,0.1,base,aps,,,6,325,0.8676923076923077,0.7846153846153846,0.9384615384615383,1.0,0.8676923076923077,0.7846153846153846,0.9384615384615383,1.0,0.0,0.0,0.0,0.0,-0.0
phase8_human_activity_recognition_seed_62,human_activity_recognition,62,0f802eb926cb16d2,c3d7d1beadadc71e,e4b3645,True,False,False,logistic_regression,all_features,561,561,none,62,-1,True,True,,,,,,0.1,base,aps,,,15,328,0.9939024390243902,0.875,0.8841463414634146,1.0,0.9939024390243902,0.875,0.8841463414634146,1.0,0.0,0.0,0.0,0.0,-0.0
phase8_human_activity_recognition_seed_62,human_activity_recognition,62,0f802eb926cb16d2,c3d7d1beadadc71e,e4b3645,True,False,False,logistic_regression,all_features,561,561,none,62,-1,True,True,,,,,,0.1,base,aps,,,18,364,0.912087912087912,0.8653846153846154,1.0027472527472527,1.0,0.912087912087912,0.8653846153846154,1.0027472527472527,1.0,0.0,0.0,0.0,0.0,-0.0
phase8_human_activity_recognition_seed_62,human_activity_recognition,62,0f802eb926cb16d2,c3d7d1beadadc71e,e4b3645,True,False,False,logistic_regression,all_features,561,561,none,62,-1,True,True,,,,,,0.1,base,aps,,,28,382,0.9685863874345548,0.8664921465968587,0.9109947643979056,1.0,0.9685863874345548,0.8664921465968587,0.9109947643979056,1.0,0.0,0.0,0.0,0.0,-0.0
phase8_human_activity_recognition_seed_62,human_activity_recognition,62,0f802eb926cb16d2,c3d7d1beadadc71e,e4b3645,True,False,False,logistic_regression,conformal_harm_one_shot,556,556,selection_train+tune_crossfit,62,-1,True,True,5.0,-0.005281690140845,0.0092957746478873,0.0138619165976249,0.0815157291273257,0.1,base,aps,,,5,302,0.8774834437086093,0.8245033112582781,0.9801324503311258,1.0,0.8807947019867549,0.8311258278145696,0.9801324503311258,1.0,-0.0033112582781456,-0.0066225165562914,0.0,0.0,-0.0
phase8_human_activity_recognition_seed_62,human_activity_recognition,62,0f802eb926cb16d2,c3d7d1beadadc71e,e4b3645,True,False,False,logistic_regression,conformal_harm_one_shot,556,556,selection_train+tune_crossfit,62,-1,True,True,5.0,-0.005281690140845,0.0092957746478873,0.0138619165976249,0.0815157291273257,0.1,base,aps,,,6,325,0.8646153846153846,0.7784615384615384,0.9353846153846154,1.0,0.8676923076923077,0.7846153846153846,0.9384615384615383,1.0,-0.003076923076923,-0.0061538461538461,-0.003076923076923,0.0,0.003076923076923
phase8_human_activity_recognition_seed_62,human_activity_recognition,62,0f802eb926cb16d2,c3d7d1beadadc71e,e4b3645,True,False,False,logistic_regression,conformal_harm_one_shot,556,556,selection_train+tune_crossfit,62,-1,True,True,5.0,-0.005281690140845,0.0092957746478873,0.0138619165976249,0.0815157291273257,0.1,base,aps,,,15,328,0.9969512195121952,0.8780487804878049,0.8871951219512195,1.0,0.9939024390243902,0.875,0.8841463414634146,1.0,0.0030487804878048,0.0030487804878048,0.0030487804878048,0.0,-0.0030487804878048
phase8_human_activity_recognition_seed_62,human_activity_recognition,62,0f802eb926cb16d2,c3d7d1beadadc71e,e4b3645,True,False,False,logistic_regression,conformal_harm_one_shot,556,556,selection_train+tune_crossfit,62,-1,True,True,5.0,-0.005281690140845,0.0092957746478873,0.0138619165976249,0.0815157291273257,0.1,base,aps,,,18,364,0.9285714285714286,0.8736263736263736,0.9972527472527472,1.0,0.912087912087912,0.8653846153846154,1.0027472527472527,1.0,0.0164835164835165,0.0082417582417582,-0.0054945054945054,0.0,0.0054945054945054
phase8_human_activity_recognition_seed_62,human_activity_recognition,62,0f802eb926cb16d2,c3d7d1beadadc71e,e4b3645,True,False,False,logistic_regression,conformal_harm_one_shot,556,556,selection_train+tune_crossfit,62,-1,True,True,5.0,-0.005281690140845,0.0092957746478873,0.0138619165976249,0.0815157291273257,0.1,base,aps,,,28,382,0.9738219895287958,0.8769633507853403,0.918848167539267,1.0,0.9685863874345548,0.8664921465968587,0.9109947643979056,1.0,0.0052356020942408,0.0104712041884815,0.0078534031413612,0.0,-0.0078534031413612
phase8_human_activity_recognition_seed_62,human_activity_recognition,62,0f802eb926cb16d2,c3d7d1beadadc71e,e4b3645,True,False,False,logistic_regression,conformal_harm_recursive,556,556,selection_train+tune_crossfit,62,-1,True,True,5.0,-0.0058699254349626,0.0128210439105219,0.0182151339409003,0.1001803875020691,0.1,base,aps,,,5,302,0.8774834437086093,0.8211920529801324,0.97682119205298,1.0,0.8807947019867549,0.8311258278145696,0.9801324503311258,1.0,-0.0033112582781456,-0.0099337748344371,-0.0033112582781457,0.0,0.0033112582781457
phase8_human_activity_recognition_seed_62,human_activity_recognition,62,0f802eb926cb16d2,c3d7d1beadadc71e,e4b3645,True,False,False,logistic_regression,conformal_harm_recursive,556,556,selection_train+tune_crossfit,62,-1,True,True,5.0,-0.0058699254349626,0.0128210439105219,0.0182151339409003,0.1001803875020691,0.1,base,aps,,,6,325,0.8646153846153846,0.7846153846153846,0.9384615384615383,1.0,0.8676923076923077,0.7846153846153846,0.9384615384615383,1.0,-0.003076923076923,0.0,0.0,0.0,-0.0
phase8_human_activity_recognition_seed_62,human_activity_recognition,62,0f802eb926cb16d2,c3d7d1beadadc71e,e4b3645,True,False,False,logistic_regression,conformal_harm_recursive,556,556,selection_train+tune_crossfit,62,-1,True,True,5.0,-0.0058699254349626,0.0128210439105219,0.0182151339409003,0.1001803875020691,0.1,base,aps,,,15,328,0.9939024390243902,0.875,0.8871951219512195,1.0,0.9939024390243902,0.875,0.8841463414634146,1.0,0.0,0.0,0.0030487804878048,0.0,-0.0030487804878048
phase8_human_activity_recognition_seed_62,human_activity_recognition,62,0f802eb926cb16d2,c3d7d1beadadc71e,e4b3645,True,False,False,logistic_regression,conformal_harm_recursive,556,556,selection_train+tune_crossfit,62,-1,True,True,5.0,-0.0058699254349626,0.0128210439105219,0.0182151339409003,0.1001803875020691,0.1,base,aps,,,18,364,0.9175824175824177,0.8626373626373627,0.9917582417582418,1.0,0.912087912087912,0.8653846153846154,1.0027472527472527,1.0,0.0054945054945054,-0.0027472527472527,-0.0109890109890109,0.0,0.0109890109890109
phase8_human_activity_recognition_seed_62,human_activity_recognition,62,0f802eb926cb16d2,c3d7d1beadadc71e,e4b3645,True,False,False,logistic_regression,conformal_harm_recursive,556,556,selection_train+tune_crossfit,62,-1,True,True,5.0,-0.0058699254349626,0.0128210439105219,0.0182151339409003,0.1001803875020691,0.1,base,aps,,,28,382,0.9685863874345548,0.8743455497382199,0.9136125654450262,1.0,0.9685863874345548,0.8664921465968587,0.9109947643979056,1.0,0.0,0.0078534031413611,0.0026178010471205,0.0,-0.0026178010471205
phase8_human_activity_recognition_seed_62,human_activity_recognition,62,0f802eb926cb16d2,c3d7d1beadadc71e,e4b3645,True,False,False,small_neural_network,all_features,561,561,none,62,-1,True,True,,,,,,0.1,base,aps,,,5,302,0.8774834437086093,0.8311258278145696,0.9867549668874172,1.0,0.8774834437086093,0.8311258278145696,0.9867549668874172,1.0,0.0,0.0,0.0,0.0,-0.0
phase8_human_activity_recognition_seed_62,human_activity_recognition,62,0f802eb926cb16d2,c3d7d1beadadc71e,e4b3645,True,False,False,small_neural_network,all_features,561,561,none,62,-1,True,True,,,,,,0.1,base,aps,,,6,325,0.8676923076923077,0.8092307692307692,0.9815384615384616,1.0,0.8676923076923077,0.8092307692307692,0.9815384615384616,1.0,0.0,0.0,0.0,0.0,-0.0
phase8_human_activity_recognition_seed_62,human_activity_recognition,62,0f802eb926cb16d2,c3d7d1beadadc71e,e4b3645,True,False,False,small_neural_network,all_features,561,561,none,62,-1,True,True,,,,,,0.1,base,aps,,,15,328,0.9939024390243902,0.8841463414634146,0.9054878048780488,1.0,0.9939024390243902,0.8841463414634146,0.9054878048780488,1.0,0.0,0.0,0.0,0.0,-0.0
phase8_human_activity_recognition_seed_62,human_activity_recognition,62,0f802eb926cb16d2,c3d7d1beadadc71e,e4b3645,True,False,False,small_neural_network,all_features,561,561,none,62,-1,True,True,,,,,,0.1,base,aps,,,18,364,0.8956043956043956,0.8406593406593407,0.9835164835164836,1.0,0.8956043956043956,0.8406593406593407,0.9835164835164836,1.0,0.0,0.0,0.0,0.0,-0.0
phase8_human_activity_recognition_seed_62,human_activity_recognition,62,0f802eb926cb16d2,c3d7d1beadadc71e,e4b3645,True,False,False,small_neural_network,all_features,561,561,none,62,-1,True,True,,,,,,0.1,base,aps,,,28,382,0.9214659685863874,0.856020942408377,0.9685863874345548,1.0,0.9214659685863874,0.856020942408377,0.9685863874345548,1.0,0.0,0.0,0.0,0.0,-0.0
phase8_human_activity_recognition_seed_62,human_activity_recognition,62,0f802eb926cb16d2,c3d7d1beadadc71e,e4b3645,True,False,False,small_neural_network,conformal_harm_one_shot,560,560,selection_train+tune_crossfit,62,-1,True,True,1.0,-0.015857497928749,0.0116252416459541,0.0347796188898094,0.0908982887814961,0.1,base,aps,,,5,302,0.8741721854304636,0.8211920529801324,0.9503311258278144,1.0,0.8774834437086093,0.8311258278145696,0.9867549668874172,1.0,-0.0033112582781457,-0.0099337748344371,-0.0364238410596027,0.0,0.0364238410596027
phase8_human_activity_recognition_seed_62,human_activity_recognition,62,0f802eb926cb16d2,c3d7d1beadadc71e,e4b3645,True,False,False,small_neural_network,conformal_harm_one_shot,560,560,selection_train+tune_crossfit,62,-1,True,True,1.0,-0.015857497928749,0.0116252416459541,0.0347796188898094,0.0908982887814961,0.1,base,aps,,,6,325,0.8676923076923077,0.796923076923077,0.953846153846154,1.0,0.8676923076923077,0.8092307692307692,0.9815384615384616,1.0,0.0,-0.0123076923076922,-0.0276923076923076,0.0,0.0276923076923076
phase8_human_activity_recognition_seed_62,human_activity_recognition,62,0f802eb926cb16d2,c3d7d1beadadc71e,e4b3645,True,False,False,small_neural_network,conformal_harm_one_shot,560,560,selection_train+tune_crossfit,62,-1,True,True,1.0,-0.015857497928749,0.0116252416459541,0.0347796188898094,0.0908982887814961,0.1,base,aps,,,15,328,0.9969512195121952,0.8810975609756098,0.8932926829268293,1.0,0.9939024390243902,0.8841463414634146,0.9054878048780488,1.0,0.0030487804878048,-0.0030487804878048,-0.0121951219512195,0.0,0.0121951219512195
phase8_human_activity_recognition_seed_62,human_activity_recognition,62,0f802eb926cb16d2,c3d7d1beadadc71e,e4b3645,True,False,False,small_neural_network,conformal_harm_one_shot,560,560,selection_train+tune_crossfit,62,-1,True,True,1.0,-0.015857497928749,0.0116252416459541,0.0347796188898094,0.0908982887814961,0.1,base,aps,,,18,364,0.9010989010989012,0.8296703296703297,0.9532967032967034,1.0,0.8956043956043956,0.8406593406593407,0.9835164835164836,1.0,0.0054945054945054,-0.0109890109890109,-0.0302197802197801,0.0,0.0302197802197801
phase8_human_activity_recognition_seed_62,human_activity_recognition,62,0f802eb926cb16d2,c3d7d1beadadc71e,e4b3645,True,False,False,small_neural_network,conformal_harm_one_shot,560,560,selection_train+tune_crossfit,62,-1,True,True,1.0,-0.015857497928749,0.0116252416459541,0.0347796188898094,0.0908982887814961,0.1,base,aps,,,28,382,0.9476439790575916,0.8612565445026178,0.9267015706806284,1.0,0.9214659685863874,0.856020942408377,0.9685863874345548,1.0,0.0261780104712041,0.0052356020942407,-0.0418848167539266,0.0,0.0418848167539266
phase8_human_activity_recognition_seed_62,human_activity_recognition,62,0f802eb926cb16d2,c3d7d1beadadc71e,e4b3645,True,False,False,small_neural_network,conformal_harm_recursive,558,558,selection_train+tune_crossfit,62,-1,True,True,3.0,-0.0123294669980668,0.0122397127865231,0.0407749240541286,0.1115870910698497,0.1,base,aps,,,5,302,0.8874172185430463,0.8344370860927153,0.9635761589403974,1.0,0.8774834437086093,0.8311258278145696,0.9867549668874172,1.0,0.009933774834437,0.0033112582781457,-0.0231788079470198,0.0,0.0231788079470198
phase8_human_activity_recognition_seed_62,human_activity_recognition,62,0f802eb926cb16d2,c3d7d1beadadc71e,e4b3645,True,False,False,small_neural_network,conformal_harm_recursive,558,558,selection_train+tune_crossfit,62,-1,True,True,3.0,-0.0123294669980668,0.0122397127865231,0.0407749240541286,0.1115870910698497,0.1,base,aps,,,6,325,0.88,0.8092307692307692,0.96,1.0,0.8676923076923077,0.8092307692307692,0.9815384615384616,1.0,0.0123076923076923,0.0,-0.0215384615384616,0.0,0.0215384615384616
phase8_human_activity_recognition_seed_62,human_activity_recognition,62,0f802eb926cb16d2,c3d7d1beadadc71e,e4b3645,True,False,False,small_neural_network,conformal_harm_recursive,558,558,selection_train+tune_crossfit,62,-1,True,True,3.0,-0.0123294669980668,0.0122397127865231,0.0407749240541286,0.1115870910698497,0.1,base,aps,,,15,328,0.9908536585365854,0.8932926829268293,0.9176829268292684,1.0,0.9939024390243902,0.8841463414634146,0.9054878048780488,1.0,-0.0030487804878048,0.0091463414634146,0.0121951219512195,0.0,-0.0121951219512195
phase8_human_activity_recognition_seed_62,human_activity_recognition,62,0f802eb926cb16d2,c3d7d1beadadc71e,e4b3645,True,False,False,small_neural_network,conformal_harm_recursive,558,558,selection_train+tune_crossfit,62,-1,True,True,3.0,-0.0123294669980668,0.0122397127865231,0.0407749240541286,0.1115870910698497,0.1,base,aps,,,18,364,0.9148351648351648,0.8543956043956044,0.9587912087912088,1.0,0.8956043956043956,0.8406593406593407,0.9835164835164836,1.0,0.0192307692307691,0.0137362637362636,-0.0247252747252746,0.0,0.0247252747252746
phase8_human_activity_recognition_seed_62,human_activity_recognition,62,0f802eb926cb16d2,c3d7d1beadadc71e,e4b3645,True,False,False,small_neural_network,conformal_harm_recursive,558,558,selection_train+tune_crossfit,62,-1,True,True,3.0,-0.0123294669980668,0.0122397127865231,0.0407749240541286,0.1115870910698497,0.1,base,aps,,,28,382,0.9136125654450262,0.8586387434554974,0.9607329842931938,1.0,0.9214659685863874,0.856020942408377,0.9685863874345548,1.0,-0.0078534031413611,0.0026178010471203,-0.0078534031413611,0.0,0.0078534031413611
